2011,RENAULT,Urban,13,963070770983094,4,Lighting,Petrol Saw
2018,MAN,MediumOffRoad,1,749083024415624,3,Pgaz,Petrol Saw
2016,RENAULT,Urban,23,638466063966185,3,FireHoses,Oxygen tank
2020,MAN,Urban,15,369886849133625,4,FireExtinguishingPowderTank,Petrol Saw
2015,SCANIA,MediumOffRoad,22,630682374850494,4,HighAltitudeRescue,Petrol Saw
2021,RENAULT,Urban,3,244088991882606,4,WaterRescue,hydraulic equipment
2010,VOLVO,Urban,21,9398323985948,5,WithHydraulicLift,Petrol Saw
2006,MERCEDES BENZ,MediumOffRoad,3,983459074322579,4,CommandAndCommunications,Oxygen tank
2016,VOLVO,OffRoad,14,813235965962633,5,ChemicalRescue,Oxygen tank
2019,IVECO,OffRoad,8,554318451130008,3,TruckPump,Oxygen tank
2012,VOLVO,Urban,7,935963462566266,4,Quartermaster,Petrol Saw
2021,VOLVO,MediumOffRoad,8,913759333528294,3,CommandAndCommunications,Petrol Saw
2013,VOLVO,OffRoad,26,8187704742097,3,Container,Oxygen tank
2006,IVECO,OffRoad,11,341844902377677,3,Lighting,hydraulic equipment
2019,MAN,OffRoad,19,907879594769,5,TechnicalRescue,hydraulic equipment
2010,MERCEDES BENZ,OffRoad,26,01536010363886,4,TechnicalRescue,hydraulic equipment
2017,SCANIA,Urban,12,752466354377274,3,HighAltitudeRescue,Oxygen tank
2010,VOLVO,Urban,9,06203575801887,4,MotorPump,Oxygen tank
2007,RENAULT,OffRoad,16,682330264000733,5,TruckPump,Oxygen tank
2023,IVECO,Urban,12,076388607479437,4,ChemicalRescue,hydraulic equipment
2006,SCANIA,OffRoad,8,56931902382108,3,Pgaz,Petrol Saw
2012,VOLVO,Urban,2,751196970485019,5,Quartermaster,hydraulic equipment
2010,IVECO,OffRoad,17,43191802931519,3,Operating,Petrol Saw
2017,MERCEDES BENZ,MediumOffRoad,5,931062171668729,4,FireHoses,hydraulic equipment
2013,RENAULT,MediumOffRoad,13,282659356040325,4,Crane,Petrol Saw
2015,IVECO,MediumOffRoad,26,916317679400095,3,WithLadder,hydraulic equipment
2015,SCANIA,Urban,28,96786440016976,4,ChemicalRescue,Oxygen tank
2012,MERCEDES BENZ,Urban,22,69765395837739,4,Operating,Oxygen tank
2007,RENAULT,OffRoad,24,4615726844532,5,HighAltitudeRescue,Petrol Saw
2018,MERCEDES BENZ,Urban,15,770870519718093,3,Crane,Petrol Saw
2010,MAN,OffRoad,28,15167991533757,3,Crane,hydraulic equipment
2018,RENAULT,Urban,3,7992943626802793,5,WaterRescue,Oxygen tank
2020,RENAULT,OffRoad,7,773662364797538,4,WaterRescue,Oxygen tank
2007,IVECO,OffRoad,23,888854787417923,5,MotorPump,hydraulic equipment
2022,SCANIA,MediumOffRoad,3,615106882591853,5,WithHydraulicLift,Oxygen tank
2007,SCANIA,Urban,20,437417735845937,4,TruckPump,Petrol Saw
2017,SCANIA,MediumOffRoad,14,360220630856391,5,CommandAndCommunications,hydraulic equipment
2013,IVECO,MediumOffRoad,4,743119665355962,5,Crane,hydraulic equipment
2016,MERCEDES BENZ,Urban,18,573072233122137,4,Pgaz,Petrol Saw
2018,SCANIA,Urban,19,08232101859442,5,Lighting,Oxygen tank
2016,RENAULT,OffRoad,19,611647728411306,4,Quartermaster,Petrol Saw
2016,RENAULT,MediumOffRoad,29,916737799057646,3,TechnicalRescue,Petrol Saw
2006,MAN,OffRoad,23,480625608348284,5,FireHoses,hydraulic equipment
2022,MAN,MediumOffRoad,16,919184652595487,4,WithLadder,Oxygen tank
2016,MAN,OffRoad,21,79476969220911,4,WithCO2Cylinders,hydraulic equipment
2014,VOLVO,MediumOffRoad,17,137628631669962,4,Operating,Petrol Saw
2006,IVECO,Urban,11,09200377917771,5,ChemicalRescue,Petrol Saw
2006,MAN,MediumOffRoad,8,240957923062064,5,FireHoses,hydraulic equipment
2015,RENAULT,MediumOffRoad,28,614632292663384,4,WithHydraulicLift,Oxygen tank
2013,MAN,MediumOffRoad,16,762605868609747,5,WithCO2Cylinders,hydraulic equipment
2017,RENAULT,OffRoad,23,479621267315142,5,TechnicalRescue,Petrol Saw
2013,MERCEDES BENZ,OffRoad,12,486379631191198,5,WaterRescue,Petrol Saw
2023,MERCEDES BENZ,Urban,21,82951436017428,3,WaterRescue,Oxygen tank
2020,RENAULT,OffRoad,14,159226810694443,4,Quartermaster,hydraulic equipment
2021,SCANIA,OffRoad,6,5727497636956755,5,Quartermaster,Petrol Saw
2010,SCANIA,OffRoad,29,940806940283952,3,TruckPump,Petrol Saw
2015,MAN,OffRoad,14,018828722011284,5,Lighting,Oxygen tank
2009,MAN,OffRoad,1,7014034266332858,3,WithLadder,Oxygen tank
2006,IVECO,Urban,10,036900518571839,4,Lighting,Oxygen tank
2009,IVECO,OffRoad,24,353250493751982,4,WaterRescue,Oxygen tank
2012,VOLVO,MediumOffRoad,21,172982008449164,5,Lighting,Oxygen tank
2020,MAN,Urban,25,028462955222228,5,WithCO2Cylinders,Oxygen tank
2016,SCANIA,MediumOffRoad,26,55834642687343,4,TechnicalRescue,Oxygen tank
2006,VOLVO,Urban,27,96036619148863,5,Lighting,hydraulic equipment
2018,IVECO,OffRoad,14,288766201140492,5,Pgaz,hydraulic equipment
2012,VOLVO,MediumOffRoad,24,17148976256445,4,Lighting,Petrol Saw
2012,SCANIA,OffRoad,2,8222132560145043,3,CommandAndCommunications,Petrol Saw
2019,RENAULT,MediumOffRoad,20,713826116721584,5,CommandAndCommunications,Oxygen tank
2012,RENAULT,Urban,13,740161352132347,4,Operating,Petrol Saw
2007,VOLVO,Urban,10,993649866785136,5,Reservoir,hydraulic equipment
2009,VOLVO,MediumOffRoad,2,1032345215444455,5,FireHoses,Oxygen tank
2018,MERCEDES BENZ,MediumOffRoad,13,49265516994319,5,HighAltitudeRescue,Petrol Saw
2019,IVECO,MediumOffRoad,3,2322071842225544,5,FireHoses,Petrol Saw
2015,MERCEDES BENZ,Urban,11,429745318495229,4,Lighting,Petrol Saw
2006,VOLVO,OffRoad,8,152259466984308,3,Lighting,Petrol Saw
2011,SCANIA,Urban,1,872981927984659,4,Reservoir,Petrol Saw
2010,RENAULT,OffRoad,18,515121972427597,4,FireHoses,Petrol Saw
2021,IVECO,OffRoad,18,04991930432371,4,CommandAndCommunications,Petrol Saw
2017,MAN,OffRoad,23,495678835085656,4,TruckPump,Petrol Saw
2018,SCANIA,Urban,22,694887218254298,4,ChemicalRescue,Oxygen tank
2019,VOLVO,MediumOffRoad,10,836344586967618,3,Lighting,hydraulic equipment
2016,VOLVO,MediumOffRoad,4,956255751609351,3,CommandAndCommunications,hydraulic equipment
2022,MERCEDES BENZ,MediumOffRoad,6,8260871662889535,3,Crane,Oxygen tank
2020,RENAULT,Urban,11,241697039956318,4,ChemicalRescue,Petrol Saw
2016,IVECO,OffRoad,23,673567250100717,4,Quartermaster,Petrol Saw
2016,VOLVO,Urban,27,50199954932968,4,FireHoses,hydraulic equipment
2017,RENAULT,OffRoad,4,041314152558104,4,TechnicalRescue,Oxygen tank
2023,IVECO,MediumOffRoad,4,143957151110985,5,CommandAndCommunications,Petrol Saw
2010,VOLVO,Urban,11,156957372121587,4,FireExtinguishingPowderTank,hydraulic equipment
2018,IVECO,OffRoad,10,195428059139822,5,WithCO2Cylinders,Oxygen tank
2017,MERCEDES BENZ,MediumOffRoad,17,885012848673703,3,Crane,Petrol Saw
2022,SCANIA,OffRoad,13,3342256487642,5,HighAltitudeRescue,Petrol Saw
2008,RENAULT,MediumOffRoad,18,823550377655685,4,HighAltitudeRescue,Oxygen tank
2022,VOLVO,Urban,15,129601364573134,5,FireExtinguishingPowderTank,Oxygen tank
2006,MAN,OffRoad,2,2349855556344007,3,Operating,Petrol Saw
2009,VOLVO,MediumOffRoad,3,2548739653562473,5,FireHoses,Oxygen tank
2017,MERCEDES BENZ,OffRoad,4,751863497260715,3,TechnicalRescue,hydraulic equipment
2015,IVECO,OffRoad,13,326699988112765,4,ChemicalRescue,Oxygen tank
2016,SCANIA,MediumOffRoad,18,530680290087236,4,WaterRescue,Oxygen tank
2016,RENAULT,OffRoad,7,922838614738803,3,FireHoses,hydraulic equipment
2022,MERCEDES BENZ,MediumOffRoad,28,49683814358446,5,FireExtinguishingPowderTank,Oxygen tank
2008,IVECO,MediumOffRoad,20,989357448501387,4,CommandAndCommunications,hydraulic equipment
2021,MERCEDES BENZ,MediumOffRoad,27,01606907942035,4,Quartermaster,hydraulic equipment
2007,MERCEDES BENZ,MediumOffRoad,19,28355793336763,5,WithHydraulicLift,hydraulic equipment
2016,VOLVO,Urban,26,747855421242626,3,WithLadder,hydraulic equipment
2007,IVECO,MediumOffRoad,20,90008195429796,4,Lighting,Petrol Saw
2012,VOLVO,Urban,17,397965946207837,4,WaterRescue,hydraulic equipment
2017,RENAULT,MediumOffRoad,8,472233112377932,4,Crane,Petrol Saw
2023,VOLVO,Urban,16,3902408648421,3,WithLadder,hydraulic equipment
2009,MAN,OffRoad,18,319614950090635,4,Container,Petrol Saw
2014,MERCEDES BENZ,Urban,9,481070498372606,3,HighAltitudeRescue,Petrol Saw
2012,VOLVO,OffRoad,8,487363118083834,4,WithLadder,Oxygen tank
2007,SCANIA,Urban,13,048587516551816,3,TechnicalRescue,hydraulic equipment
2016,MAN,OffRoad,28,172862683758765,5,Lighting,hydraulic equipment
2013,RENAULT,MediumOffRoad,10,765976845064005,5,ChemicalRescue,Petrol Saw
2010,MAN,MediumOffRoad,25,88517027684269,3,Pgaz,hydraulic equipment
2017,RENAULT,Urban,15,413530267888028,5,WithCO2Cylinders,hydraulic equipment
2014,SCANIA,OffRoad,9,49038950217131,5,Operating,hydraulic equipment
2013,IVECO,OffRoad,19,8464615319012,4,Pgaz,Oxygen tank
2020,VOLVO,MediumOffRoad,5,307382612317302,3,Quartermaster,Petrol Saw
2018,VOLVO,Urban,15,752599209896957,5,WithLadder,Oxygen tank
2010,VOLVO,MediumOffRoad,4,604242396834536,3,WaterRescue,Oxygen tank
2011,VOLVO,OffRoad,3,9094737025607182,5,FireHoses,hydraulic equipment
2023,MERCEDES BENZ,OffRoad,8,72667159528621,3,Lighting,Oxygen tank
2019,MAN,MediumOffRoad,19,9449353647442,4,HighAltitudeRescue,hydraulic equipment
2009,RENAULT,OffRoad,13,38425825458619,4,FireExtinguishingPowderTank,Oxygen tank
2010,MAN,Urban,11,991365239162409,3,Operating,hydraulic equipment
2013,MAN,MediumOffRoad,6,290207162125061,3,WaterRescue,Petrol Saw
2007,SCANIA,MediumOffRoad,9,238492716161518,3,WithHydraulicLift,Oxygen tank
2019,SCANIA,OffRoad,27,814210967204758,4,Crane,Petrol Saw
2015,VOLVO,OffRoad,6,920662097148426,4,Operating,Petrol Saw
2019,SCANIA,MediumOffRoad,19,170068580586687,4,MotorPump,Petrol Saw
2014,MERCEDES BENZ,OffRoad,6,754762005701003,4,TechnicalRescue,Petrol Saw
2014,MERCEDES BENZ,MediumOffRoad,5,906128353813536,3,HighAltitudeRescue,hydraulic equipment
2011,IVECO,Urban,24,476963352777037,5,WaterRescue,hydraulic equipment
2018,MERCEDES BENZ,Urban,24,36631410581231,3,TruckPump,hydraulic equipment
2018,IVECO,OffRoad,7,248033999822742,4,WithHydraulicLift,hydraulic equipment
2017,IVECO,OffRoad,29,306313324299197,5,MotorPump,hydraulic equipment
2015,MAN,Urban,11,548614721533598,4,FireExtinguishingPowderTank,Petrol Saw
2008,SCANIA,OffRoad,7,393577027819901,4,Quartermaster,hydraulic equipment
2012,MERCEDES BENZ,Urban,3,6928857123549714,3,CommandAndCommunications,hydraulic equipment
2007,VOLVO,Urban,8,422829813821672,4,WaterRescue,Petrol Saw
2009,MAN,Urban,26,974330992789856,3,Reservoir,hydraulic equipment
2008,RENAULT,MediumOffRoad,5,294829895434541,3,Lighting,Oxygen tank
2022,RENAULT,OffRoad,4,427981171953659,4,Reservoir,hydraulic equipment
2021,RENAULT,OffRoad,1,9135374854521792,5,Quartermaster,Oxygen tank
2022,MERCEDES BENZ,MediumOffRoad,29,292663064571265,3,FireHoses,Oxygen tank
2009,MAN,MediumOffRoad,28,351206946425368,3,TechnicalRescue,Oxygen tank
2012,MAN,MediumOffRoad,5,842024603769057,5,CommandAndCommunications,Petrol Saw
2018,MERCEDES BENZ,OffRoad,9,759474072437754,4,TechnicalRescue,Oxygen tank
2012,IVECO,MediumOffRoad,23,56219430932284,4,WithLadder,hydraulic equipment
2020,IVECO,MediumOffRoad,11,568501367979465,3,Pgaz,hydraulic equipment
2015,MERCEDES BENZ,MediumOffRoad,17,777559179778635,3,TruckPump,Oxygen tank
2011,SCANIA,OffRoad,1,5431522250390455,4,Operating,Petrol Saw
2022,MERCEDES BENZ,Urban,29,10753160487074,4,MotorPump,hydraulic equipment
2016,VOLVO,OffRoad,25,450566593651487,5,MotorPump,hydraulic equipment
2018,MERCEDES BENZ,MediumOffRoad,6,622896734960076,4,WithLadder,hydraulic equipment
2009,MAN,MediumOffRoad,23,396644935219378,3,TruckPump,hydraulic equipment
2013,MAN,Urban,11,052319436426668,5,HighAltitudeRescue,hydraulic equipment
2008,IVECO,OffRoad,18,71318524349675,3,FireHoses,Petrol Saw
2020,IVECO,MediumOffRoad,9,020271269767797,5,TechnicalRescue,hydraulic equipment
2010,SCANIA,Urban,9,10317962279223,4,Container,Petrol Saw
2007,IVECO,MediumOffRoad,23,928900043178725,3,TechnicalRescue,Petrol Saw
2017,MAN,OffRoad,19,037866059527676,5,MotorPump,Oxygen tank
2009,SCANIA,MediumOffRoad,22,120556478850943,5,Reservoir,hydraulic equipment
2022,SCANIA,Urban,28,556001809634672,5,Container,Oxygen tank
2015,SCANIA,Urban,25,600569073367392,3,Operating,Petrol Saw
2017,MAN,OffRoad,14,92295729169897,5,TruckPump,Oxygen tank
2009,MERCEDES BENZ,Urban,2,6761804423780795,5,Container,hydraulic equipment
2012,IVECO,Urban,20,97160246730903,5,TruckPump,Oxygen tank
2012,RENAULT,Urban,25,727485736710673,5,ChemicalRescue,Oxygen tank
2008,IVECO,OffRoad,18,60302642965669,5,WaterRescue,Oxygen tank
2011,SCANIA,MediumOffRoad,2,1609071570501985,4,WithHydraulicLift,Petrol Saw
2009,SCANIA,OffRoad,24,98967748380568,5,WithCO2Cylinders,Oxygen tank
2019,VOLVO,Urban,16,726489823423613,5,CommandAndCommunications,hydraulic equipment
2016,RENAULT,OffRoad,17,90903592827344,4,WaterRescue,Petrol Saw
2014,RENAULT,Urban,29,977149934980435,3,WithLadder,Oxygen tank
2016,MERCEDES BENZ,OffRoad,11,73607700294865,3,WithCO2Cylinders,Petrol Saw
2015,RENAULT,Urban,25,2341430495606,5,MotorPump,Oxygen tank
2012,MERCEDES BENZ,OffRoad,26,10331644277876,5,Quartermaster,Oxygen tank
2017,SCANIA,Urban,6,223374146333497,3,CommandAndCommunications,Oxygen tank
2009,IVECO,OffRoad,16,81909930729505,3,TruckPump,hydraulic equipment
2010,MAN,OffRoad,6,178507864004614,5,HighAltitudeRescue,Oxygen tank
2012,SCANIA,MediumOffRoad,19,825293955934384,4,ChemicalRescue,Oxygen tank
2008,MERCEDES BENZ,OffRoad,24,039335375980947,5,Operating,Petrol Saw
2016,VOLVO,MediumOffRoad,4,752293310829677,3,Lighting,Petrol Saw
2009,SCANIA,OffRoad,3,9647899889388003,5,TruckPump,hydraulic equipment
2020,MERCEDES BENZ,Urban,21,993779543906054,4,TechnicalRescue,hydraulic equipment
2014,VOLVO,Urban,5,84173918535869,5,Lighting,Oxygen tank
2006,MERCEDES BENZ,Urban,22,008893263258713,4,WaterRescue,hydraulic equipment
2016,VOLVO,OffRoad,18,202403101993987,3,Reservoir,hydraulic equipment
2023,RENAULT,Urban,14,602221556393445,5,WithCO2Cylinders,hydraulic equipment
2015,VOLVO,Urban,22,177385457915307,3,FireHoses,Petrol Saw
2015,VOLVO,Urban,12,961414494188213,5,TruckPump,Oxygen tank
2010,IVECO,OffRoad,6,566803373405986,3,WithLadder,hydraulic equipment
2015,RENAULT,MediumOffRoad,10,197463636894858,4,CommandAndCommunications,Oxygen tank
2011,MERCEDES BENZ,Urban,7,5590208018794645,4,FireHoses,Oxygen tank
2011,MERCEDES BENZ,Urban,2,6364954391940287,3,MotorPump,hydraulic equipment
2006,IVECO,OffRoad,12,779217177023027,4,CommandAndCommunications,hydraulic equipment
2008,RENAULT,Urban,6,6035397503837245,3,Container,hydraulic equipment
2016,RENAULT,Urban,15,355611068686349,3,TechnicalRescue,Oxygen tank
2013,MERCEDES BENZ,Urban,7,699450707876056,3,TruckPump,hydraulic equipment
2006,VOLVO,MediumOffRoad,25,26667558163799,5,HighAltitudeRescue,Petrol Saw
2015,MERCEDES BENZ,Urban,16,72876053331202,3,HighAltitudeRescue,hydraulic equipment
2016,VOLVO,OffRoad,5,113736842161805,3,MotorPump,hydraulic equipment
2014,IVECO,MediumOffRoad,3,521015589712027,5,TechnicalRescue,Oxygen tank
2014,MERCEDES BENZ,MediumOffRoad,19,284462396809644,5,MotorPump,Oxygen tank
2006,RENAULT,OffRoad,22,757054788252766,4,FireExtinguishingPowderTank,hydraulic equipment
2007,SCANIA,MediumOffRoad,15,60628302338195,3,Reservoir,Petrol Saw
2020,SCANIA,MediumOffRoad,8,379272794376522,5,WaterRescue,Oxygen tank
2009,IVECO,MediumOffRoad,24,652973934308694,5,Container,Oxygen tank
2014,MAN,OffRoad,16,066231906910524,4,MotorPump,Oxygen tank
2012,IVECO,OffRoad,16,436606167904692,5,WaterRescue,hydraulic equipment
2010,MAN,Urban,13,746187866980883,4,ChemicalRescue,hydraulic equipment
2011,MERCEDES BENZ,MediumOffRoad,16,798830653319435,5,FireHoses,Oxygen tank
2015,VOLVO,Urban,19,33251542433117,5,HighAltitudeRescue,hydraulic equipment
2015,VOLVO,OffRoad,1,881491254576411,4,Container,hydraulic equipment
2018,IVECO,MediumOffRoad,11,657117252163546,3,WithLadder,Petrol Saw
2014,IVECO,OffRoad,12,442002837189687,4,WithHydraulicLift,Petrol Saw
2018,MAN,OffRoad,17,380030602689803,4,Operating,hydraulic equipment
2019,SCANIA,OffRoad,16,772614234356,4,TruckPump,hydraulic equipment
2022,IVECO,MediumOffRoad,5,864999713843189,3,Lighting,Oxygen tank
2010,MERCEDES BENZ,MediumOffRoad,2,7479350557223934,5,Reservoir,Oxygen tank
2015,IVECO,OffRoad,25,34080445720057,3,Lighting,hydraulic equipment
2013,MAN,MediumOffRoad,9,589201495728105,4,WithCO2Cylinders,hydraulic equipment
2019,SCANIA,OffRoad,12,096885945585134,4,Container,Oxygen tank
2011,MERCEDES BENZ,OffRoad,3,9375296430859845,3,Pgaz,Petrol Saw
2014,SCANIA,MediumOffRoad,9,564664471985887,3,Pgaz,hydraulic equipment
2016,MAN,OffRoad,20,2739592370187,5,Lighting,hydraulic equipment
2022,IVECO,OffRoad,28,932552346479877,3,Operating,hydraulic equipment
2010,VOLVO,Urban,4,33523956422675,5,WaterRescue,Oxygen tank
2015,SCANIA,OffRoad,28,209142419880074,3,Container,hydraulic equipment
2021,RENAULT,Urban,9,452430974333422,5,Pgaz,Petrol Saw
2021,VOLVO,MediumOffRoad,8,164142152904674,4,Lighting,Petrol Saw
2010,SCANIA,OffRoad,16,35906495852651,5,HighAltitudeRescue,Petrol Saw
2019,MAN,MediumOffRoad,16,32878266211362,5,HighAltitudeRescue,Petrol Saw
2010,MERCEDES BENZ,MediumOffRoad,25,337121247490273,3,Container,Petrol Saw
2022,MERCEDES BENZ,Urban,21,721949804660046,4,WithHydraulicLift,hydraulic equipment
2021,IVECO,MediumOffRoad,11,949075306331315,3,FireHoses,Petrol Saw
2011,VOLVO,Urban,4,860743688124376,5,FireHoses,hydraulic equipment
2019,IVECO,MediumOffRoad,7,909490413724952,3,WithLadder,hydraulic equipment
2009,VOLVO,OffRoad,14,468209783916667,4,Lighting,Oxygen tank
2020,VOLVO,OffRoad,8,700154870662129,5,CommandAndCommunications,Oxygen tank
2006,MERCEDES BENZ,MediumOffRoad,24,370642706295097,3,WithHydraulicLift,Petrol Saw
2013,RENAULT,Urban,17,47100601676705,3,Lighting,Oxygen tank
2018,MERCEDES BENZ,Urban,21,822259853388363,4,Operating,hydraulic equipment
2009,IVECO,MediumOffRoad,3,15335147970257,3,Container,Petrol Saw
2017,MERCEDES BENZ,OffRoad,25,785628563487016,3,WithCO2Cylinders,Oxygen tank
2022,IVECO,Urban,20,91589780644274,4,Operating,Petrol Saw
2010,VOLVO,Urban,10,21214146587807,4,Reservoir,Petrol Saw
2019,MERCEDES BENZ,Urban,21,47429208313315,3,Quartermaster,Petrol Saw
2021,VOLVO,MediumOffRoad,11,743862962357785,3,Lighting,hydraulic equipment
2010,RENAULT,MediumOffRoad,23,43349896430447,5,ChemicalRescue,Oxygen tank
2013,MAN,OffRoad,9,28470169430819,5,TechnicalRescue,Oxygen tank
2022,RENAULT,MediumOffRoad,24,27463174491511,4,FireHoses,Petrol Saw
2011,SCANIA,OffRoad,3,0487934934147067,4,WithHydraulicLift,Oxygen tank
2010,SCANIA,MediumOffRoad,21,510785091424193,3,WithCO2Cylinders,hydraulic equipment
2011,IVECO,OffRoad,7,097427977181003,3,Container,Petrol Saw
2014,IVECO,OffRoad,13,533090214261716,4,Lighting,Oxygen tank
2010,MERCEDES BENZ,OffRoad,5,400677365787996,3,ChemicalRescue,hydraulic equipment
2010,IVECO,OffRoad,13,574204355299663,3,Quartermaster,Petrol Saw
2009,VOLVO,OffRoad,13,94638723818272,3,WithLadder,hydraulic equipment
2008,IVECO,OffRoad,5,086474809531207,5,FireHoses,hydraulic equipment
2017,MERCEDES BENZ,Urban,3,920132694480892,4,Lighting,hydraulic equipment
2020,MERCEDES BENZ,Urban,26,280746247488054,4,Lighting,hydraulic equipment
2022,MERCEDES BENZ,OffRoad,1,7282570613914543,3,ChemicalRescue,Petrol Saw
2018,RENAULT,OffRoad,10,205203858461623,4,WithHydraulicLift,Petrol Saw
2023,MERCEDES BENZ,Urban,14,856151107311351,4,Container,Petrol Saw
2018,IVECO,OffRoad,12,151647612590484,3,Operating,hydraulic equipment
2009,MAN,MediumOffRoad,6,20787367300879,4,Reservoir,Oxygen tank
2019,RENAULT,OffRoad,23,446327185440275,5,MotorPump,Oxygen tank
2013,SCANIA,OffRoad,10,551745719575843,3,Container,hydraulic equipment
2021,IVECO,OffRoad,12,253629900880759,4,WithCO2Cylinders,Petrol Saw
2006,RENAULT,Urban,17,986896042694365,5,Reservoir,Oxygen tank
2018,MERCEDES BENZ,Urban,10,020170611827371,5,Crane,Oxygen tank
2020,SCANIA,Urban,10,683784364033754,5,Pgaz,Oxygen tank
2014,SCANIA,OffRoad,7,827319913892312,4,Crane,hydraulic equipment
2017,RENAULT,MediumOffRoad,24,071213085101256,5,ChemicalRescue,hydraulic equipment
2011,SCANIA,Urban,23,06184751143853,4,MotorPump,Oxygen tank
2019,IVECO,OffRoad,25,069382514258823,4,WithHydraulicLift,hydraulic equipment
2021,MERCEDES BENZ,Urban,22,58744781005149,3,Container,Petrol Saw
2015,RENAULT,Urban,9,63572161969166,4,WithLadder,hydraulic equipment
2007,VOLVO,OffRoad,1,878637585749734,3,Pgaz,Petrol Saw
2022,MAN,Urban,25,834724674592973,4,ChemicalRescue,Petrol Saw
2012,VOLVO,OffRoad,21,416553702911436,3,Reservoir,Oxygen tank
2017,RENAULT,MediumOffRoad,17,810062967812573,4,ChemicalRescue,Petrol Saw
2006,MAN,OffRoad,25,71287650792131,4,Reservoir,Oxygen tank
2023,IVECO,MediumOffRoad,2,5702224938387883,5,Reservoir,Oxygen tank
2008,VOLVO,MediumOffRoad,20,11424094784171,3,FireHoses,Oxygen tank
2020,VOLVO,Urban,10,113030678301378,5,Lighting,hydraulic equipment
2006,SCANIA,OffRoad,22,433465373920434,5,Pgaz,hydraulic equipment
2021,RENAULT,Urban,7,091404916384755,5,Container,hydraulic equipment
2020,MAN,Urban,10,20498987709211,5,Lighting,hydraulic equipment
2018,MERCEDES BENZ,OffRoad,11,017094283430234,4,FireHoses,hydraulic equipment
2018,SCANIA,OffRoad,16,591155048883696,4,FireExtinguishingPowderTank,Petrol Saw
2020,IVECO,Urban,4,701057101452703,4,FireHoses,Petrol Saw
2015,MAN,OffRoad,23,890049299709254,3,WithCO2Cylinders,hydraulic equipment
2018,IVECO,OffRoad,2,2791001742459507,5,Container,Oxygen tank
2013,MAN,OffRoad,11,113840066182634,5,Container,hydraulic equipment
2016,MERCEDES BENZ,Urban,1,5695589263359795,3,FireHoses,Oxygen tank
2008,MERCEDES BENZ,Urban,25,401938834822378,5,Crane,Petrol Saw
2011,MAN,Urban,9,651162178627594,3,FireExtinguishingPowderTank,hydraulic equipment
2012,MAN,Urban,19,245303609960906,5,Operating,Oxygen tank
2019,MERCEDES BENZ,MediumOffRoad,13,3054960547405,5,Reservoir,Oxygen tank
2021,IVECO,MediumOffRoad,6,260782371769759,5,HighAltitudeRescue,hydraulic equipment
2020,SCANIA,MediumOffRoad,16,800044714108147,3,ChemicalRescue,Oxygen tank
2013,RENAULT,OffRoad,16,301106449747987,3,WithHydraulicLift,Petrol Saw
2006,VOLVO,Urban,7,616201956442662,4,Operating,hydraulic equipment
2022,VOLVO,Urban,2,036798709651637,4,TechnicalRescue,hydraulic equipment
2008,IVECO,OffRoad,25,97818536046066,5,Pgaz,Oxygen tank
2011,IVECO,OffRoad,5,723628319363009,5,ChemicalRescue,hydraulic equipment
2023,VOLVO,Urban,10,85755173405245,4,Operating,Oxygen tank
2021,VOLVO,Urban,28,881122593532147,3,WaterRescue,Oxygen tank
2023,RENAULT,Urban,28,21185364136089,4,Container,hydraulic equipment
2009,VOLVO,OffRoad,4,402413813459967,3,WithHydraulicLift,Petrol Saw
2010,IVECO,OffRoad,1,8701273794945181,5,ChemicalRescue,hydraulic equipment
2020,RENAULT,OffRoad,5,538419518377178,3,MotorPump,Oxygen tank
2007,RENAULT,OffRoad,25,632626180780033,4,TruckPump,hydraulic equipment
2019,MAN,MediumOffRoad,10,926026215377025,3,Lighting,hydraulic equipment
2007,SCANIA,OffRoad,20,039626818844212,4,CommandAndCommunications,hydraulic equipment
2010,SCANIA,Urban,26,123875855145453,4,MotorPump,hydraulic equipment
2015,VOLVO,MediumOffRoad,13,732455738298555,3,Operating,Petrol Saw
2017,IVECO,OffRoad,2,185292444861693,4,MotorPump,Oxygen tank
2013,MERCEDES BENZ,MediumOffRoad,5,32258912835362,3,WaterRescue,Petrol Saw
2014,MAN,Urban,3,8264689606112965,5,ChemicalRescue,Petrol Saw
2019,IVECO,MediumOffRoad,3,9714072685167374,4,Container,Petrol Saw
2014,MERCEDES BENZ,OffRoad,20,117626288962438,4,ChemicalRescue,hydraulic equipment
2015,VOLVO,OffRoad,20,288558291810343,4,WithLadder,Oxygen tank
2011,IVECO,OffRoad,3,223836486080355,4,WithCO2Cylinders,hydraulic equipment
2011,MAN,Urban,23,282572844134773,4,Operating,Oxygen tank
2013,MERCEDES BENZ,MediumOffRoad,6,183065421273122,5,TruckPump,Oxygen tank
2010,IVECO,OffRoad,21,958873709670737,5,ChemicalRescue,hydraulic equipment
2019,VOLVO,OffRoad,5,613165567764648,5,CommandAndCommunications,Petrol Saw
2021,VOLVO,Urban,22,541458874727432,4,TechnicalRescue,hydraulic equipment
2010,MAN,MediumOffRoad,3,8225443281847875,5,FireExtinguishingPowderTank,Oxygen tank
2017,SCANIA,Urban,6,162868748399441,4,WithCO2Cylinders,Oxygen tank
2007,VOLVO,Urban,23,85362846223062,3,Pgaz,hydraulic equipment
2012,VOLVO,Urban,19,377236489713415,3,Operating,Oxygen tank
2023,IVECO,OffRoad,25,31521344053462,4,WithHydraulicLift,Petrol Saw
2019,VOLVO,Urban,11,432913323899852,4,Reservoir,Oxygen tank
2015,VOLVO,OffRoad,29,343775770790693,3,Reservoir,hydraulic equipment
2015,MERCEDES BENZ,Urban,14,215256495932751,5,WithCO2Cylinders,Petrol Saw
2016,VOLVO,Urban,11,890569913863162,5,WithCO2Cylinders,hydraulic equipment
2020,VOLVO,OffRoad,4,902988415676608,4,TechnicalRescue,Petrol Saw
2007,SCANIA,MediumOffRoad,29,49235691197492,3,WithHydraulicLift,hydraulic equipment
2021,IVECO,OffRoad,7,592463616310687,3,FireExtinguishingPowderTank,Petrol Saw
2018,MAN,OffRoad,15,722501699203795,5,FireHoses,Petrol Saw
2020,VOLVO,Urban,16,991663461197383,3,ChemicalRescue,Petrol Saw
2018,MAN,Urban,11,522014150383118,4,ChemicalRescue,Oxygen tank
2007,VOLVO,MediumOffRoad,17,791994902834748,5,Lighting,Petrol Saw
2014,SCANIA,MediumOffRoad,20,737336536786785,5,Lighting,Petrol Saw
2011,MERCEDES BENZ,Urban,24,423367352127492,4,Operating,Oxygen tank
2011,VOLVO,Urban,24,095001687707008,4,Pgaz,Petrol Saw
2012,IVECO,MediumOffRoad,9,974561228237475,4,WaterRescue,Oxygen tank
2012,RENAULT,MediumOffRoad,13,244971070199805,3,MotorPump,Petrol Saw
2019,MAN,Urban,25,216408487252295,4,Crane,Petrol Saw
2010,MAN,MediumOffRoad,8,7449686241064,3,TechnicalRescue,hydraulic equipment
2016,MERCEDES BENZ,Urban,27,821969723580672,5,FireExtinguishingPowderTank,Oxygen tank
2011,VOLVO,MediumOffRoad,18,199234130194238,4,Reservoir,Oxygen tank
2011,VOLVO,MediumOffRoad,15,879250464101567,3,Quartermaster,Oxygen tank
2016,VOLVO,OffRoad,10,775922429572827,3,TechnicalRescue,Oxygen tank
2023,VOLVO,OffRoad,29,202259338076285,5,WithCO2Cylinders,Petrol Saw
2015,MERCEDES BENZ,Urban,26,45244691097156,3,TruckPump,hydraulic equipment
2012,VOLVO,OffRoad,22,075748995728123,4,WithHydraulicLift,hydraulic equipment
2020,VOLVO,Urban,19,616376272374822,4,MotorPump,hydraulic equipment
2007,RENAULT,OffRoad,13,575974127664244,4,ChemicalRescue,Petrol Saw
2020,IVECO,Urban,25,396547635724286,4,Crane,Oxygen tank
2020,IVECO,Urban,29,415306118963734,5,Container,hydraulic equipment
2021,IVECO,OffRoad,11,072951472844021,3,FireHoses,Petrol Saw
2022,SCANIA,Urban,17,436852634519756,3,Lighting,Oxygen tank
2018,MAN,MediumOffRoad,5,227758794138184,5,WithLadder,Oxygen tank
2008,SCANIA,Urban,26,587678625329144,5,WithHydraulicLift,Oxygen tank
2016,RENAULT,Urban,20,03535000334644,5,Lighting,Oxygen tank
2009,IVECO,OffRoad,23,157432498463546,5,CommandAndCommunications,Petrol Saw
2006,RENAULT,OffRoad,17,268611856267853,5,WithLadder,Oxygen tank
2020,SCANIA,MediumOffRoad,23,413825826892076,3,Operating,hydraulic equipment
2008,RENAULT,MediumOffRoad,24,128719395494514,5,Crane,Petrol Saw
2016,IVECO,MediumOffRoad,26,154277446302082,5,Lighting,hydraulic equipment
2006,IVECO,MediumOffRoad,9,925097270838302,5,ChemicalRescue,hydraulic equipment
2023,MERCEDES BENZ,MediumOffRoad,15,76945065603399,5,WithCO2Cylinders,hydraulic equipment
2020,IVECO,Urban,6,956912372254017,3,Reservoir,Oxygen tank
2006,RENAULT,MediumOffRoad,23,15630242941693,3,Lighting,Petrol Saw
2009,VOLVO,MediumOffRoad,13,839208414430846,3,Reservoir,Petrol Saw
2012,MAN,MediumOffRoad,7,759458828179637,4,Operating,Petrol Saw
2015,RENAULT,MediumOffRoad,7,1486493715474175,5,Reservoir,Petrol Saw
2017,MAN,Urban,29,027328501407126,4,ChemicalRescue,Petrol Saw
2021,RENAULT,Urban,15,43840435084377,4,MotorPump,hydraulic equipment
2011,VOLVO,MediumOffRoad,27,174478151852586,3,WaterRescue,hydraulic equipment
2010,MERCEDES BENZ,Urban,23,62833676726691,5,WithLadder,hydraulic equipment
2020,SCANIA,OffRoad,6,870344198533822,3,Container,hydraulic equipment
2016,SCANIA,Urban,27,252640803473092,4,WithCO2Cylinders,hydraulic equipment
2006,MAN,OffRoad,18,826418387411326,3,FireExtinguishingPowderTank,Oxygen tank
2018,IVECO,OffRoad,17,94085925878795,3,Quartermaster,Oxygen tank
2023,IVECO,Urban,11,896009321196722,4,TechnicalRescue,Oxygen tank
2007,IVECO,Urban,18,084229555119787,4,Lighting,hydraulic equipment
2012,IVECO,OffRoad,23,529194585123676,5,Operating,hydraulic equipment
2016,RENAULT,Urban,26,359361525935157,4,ChemicalRescue,hydraulic equipment
2012,VOLVO,Urban,17,10976666766507,4,Lighting,Oxygen tank
2022,MERCEDES BENZ,OffRoad,16,165124494964118,5,TruckPump,Oxygen tank
2016,IVECO,OffRoad,8,78642276586346,4,CommandAndCommunications,Oxygen tank
2019,MAN,MediumOffRoad,10,748572799229809,4,Operating,Petrol Saw
2023,MERCEDES BENZ,Urban,4,620578239725941,4,CommandAndCommunications,hydraulic equipment
2012,SCANIA,OffRoad,20,427768937277552,4,Container,Oxygen tank
2019,VOLVO,MediumOffRoad,15,539410798457864,5,Container,hydraulic equipment
2008,VOLVO,MediumOffRoad,26,513649958228047,3,HighAltitudeRescue,Oxygen tank
2015,MERCEDES BENZ,MediumOffRoad,7,049126640257463,4,WithLadder,Petrol Saw
2018,IVECO,OffRoad,6,780991911628267,5,Reservoir,Petrol Saw
2020,IVECO,Urban,9,312034077760693,3,Container,Oxygen tank
2011,SCANIA,MediumOffRoad,23,979650029709102,4,Lighting,Petrol Saw
2016,MAN,Urban,10,846498962665951,4,Lighting,hydraulic equipment
2009,VOLVO,MediumOffRoad,14,969265736561802,4,HighAltitudeRescue,Oxygen tank
2016,SCANIA,Urban,24,112968880720594,5,HighAltitudeRescue,Oxygen tank
2008,SCANIA,Urban,27,163099951993175,4,Reservoir,hydraulic equipment
2010,SCANIA,OffRoad,23,859612568116273,5,Lighting,Oxygen tank
2013,SCANIA,OffRoad,29,41677907538432,4,TruckPump,Petrol Saw
2022,RENAULT,MediumOffRoad,9,175531847648019,5,WithLadder,hydraulic equipment
2006,VOLVO,OffRoad,18,330211306883694,5,FireHoses,hydraulic equipment
2015,VOLVO,OffRoad,24,255696115847993,3,Quartermaster,hydraulic equipment
2016,RENAULT,Urban,9,609995379357963,5,HighAltitudeRescue,Petrol Saw
2020,SCANIA,OffRoad,3,5171454645782094,4,Lighting,Petrol Saw
2012,IVECO,MediumOffRoad,16,93778098869443,3,Operating,Oxygen tank
2011,SCANIA,Urban,22,896608450346598,5,FireHoses,Oxygen tank
2015,RENAULT,Urban,22,509920615673128,3,Lighting,Oxygen tank
2021,MAN,OffRoad,14,012290401335614,4,FireHoses,hydraulic equipment
2012,RENAULT,Urban,12,482153206142083,5,Lighting,Oxygen tank
2009,VOLVO,Urban,7,121357119865209,3,Lighting,hydraulic equipment
2016,IVECO,MediumOffRoad,22,424847249100807,4,Lighting,Petrol Saw
2019,SCANIA,MediumOffRoad,15,951177398244242,3,Reservoir,Oxygen tank
2022,IVECO,Urban,19,141987941863036,4,WithLadder,Oxygen tank
2016,RENAULT,Urban,7,78259140462941,4,MotorPump,Petrol Saw
2015,SCANIA,Urban,28,8072647706629,5,WaterRescue,hydraulic equipment
2007,VOLVO,Urban,12,880605910593752,5,Container,Oxygen tank
2022,SCANIA,MediumOffRoad,4,680288641072842,5,Operating,hydraulic equipment
2019,MAN,Urban,8,71630790306623,3,WaterRescue,hydraulic equipment
2022,IVECO,MediumOffRoad,24,04761587360314,3,FireHoses,Petrol Saw
2009,MAN,MediumOffRoad,18,487840407636106,5,HighAltitudeRescue,hydraulic equipment
2014,RENAULT,Urban,11,092491428368083,5,Lighting,hydraulic equipment
2011,MERCEDES BENZ,MediumOffRoad,14,122263832906459,5,TruckPump,Oxygen tank
2015,VOLVO,OffRoad,13,564653880093735,3,Pgaz,Oxygen tank
2015,MAN,Urban,11,754256023052172,5,WithCO2Cylinders,Petrol Saw
2012,MAN,MediumOffRoad,9,74488886295282,5,MotorPump,hydraulic equipment
2012,IVECO,Urban,5,679839168255129,4,WithHydraulicLift,Petrol Saw
2019,VOLVO,Urban,11,248983888973175,4,TechnicalRescue,Petrol Saw
2020,SCANIA,Urban,18,953247882026925,3,TruckPump,Oxygen tank
2006,RENAULT,OffRoad,26,95287989040896,5,WithLadder,Oxygen tank
2010,SCANIA,OffRoad,7,608888340293529,3,CommandAndCommunications,hydraulic equipment
2022,RENAULT,Urban,28,962429212694797,4,FireHoses,Petrol Saw
2019,VOLVO,OffRoad,7,856817612721187,3,Operating,hydraulic equipment
2012,RENAULT,Urban,3,952725463500838,4,TruckPump,Petrol Saw
2011,MAN,MediumOffRoad,3,265653024142202,4,Quartermaster,Petrol Saw
2023,IVECO,OffRoad,22,939111360941286,3,Container,hydraulic equipment
2020,IVECO,OffRoad,23,747585374377714,3,WithCO2Cylinders,Oxygen tank
2008,IVECO,OffRoad,29,96730372635438,3,HighAltitudeRescue,Oxygen tank
2010,MAN,Urban,17,318249236882586,3,WaterRescue,Oxygen tank
2013,SCANIA,Urban,29,63653421578802,3,FireHoses,Oxygen tank
2016,SCANIA,OffRoad,9,054061265724672,3,FireExtinguishingPowderTank,hydraulic equipment
2021,MERCEDES BENZ,Urban,22,774394654728198,4,Lighting,Petrol Saw
2021,VOLVO,OffRoad,10,680015597713586,4,Container,hydraulic equipment
2021,MAN,OffRoad,8,99783251743959,4,Quartermaster,hydraulic equipment
2021,MERCEDES BENZ,OffRoad,19,919832356936208,5,FireHoses,Oxygen tank
2007,MAN,Urban,5,470994717988829,4,HighAltitudeRescue,Petrol Saw
2016,VOLVO,Urban,22,91462514795221,4,HighAltitudeRescue,Petrol Saw
2009,SCANIA,OffRoad,17,446187915189437,4,FireExtinguishingPowderTank,Oxygen tank
2012,RENAULT,OffRoad,12,206110910625242,4,Reservoir,Petrol Saw
2006,IVECO,Urban,20,87804564443328,5,CommandAndCommunications,Petrol Saw
2015,VOLVO,Urban,28,69838393184514,3,HighAltitudeRescue,Oxygen tank
2008,IVECO,OffRoad,8,50474456360574,5,FireExtinguishingPowderTank,Oxygen tank
2008,MERCEDES BENZ,MediumOffRoad,26,843203911969216,5,Reservoir,Petrol Saw
2006,MAN,OffRoad,16,297484587085684,4,WithLadder,Oxygen tank
2011,RENAULT,OffRoad,21,288381454973603,3,Operating,Petrol Saw
2022,VOLVO,MediumOffRoad,19,811197759838873,5,WaterRescue,Petrol Saw
2022,RENAULT,OffRoad,5,617343256870582,3,Lighting,hydraulic equipment
2022,RENAULT,MediumOffRoad,14,772074992950722,5,WaterRescue,hydraulic equipment
2013,MERCEDES BENZ,OffRoad,28,884512783446375,3,HighAltitudeRescue,Petrol Saw
2023,MAN,Urban,10,686229718865816,5,Reservoir,Oxygen tank
2013,IVECO,OffRoad,5,814293909942181,5,ChemicalRescue,Petrol Saw
2011,RENAULT,Urban,26,244640308070377,3,MotorPump,Petrol Saw
2022,IVECO,OffRoad,15,423135222720674,4,CommandAndCommunications,Petrol Saw
2008,IVECO,OffRoad,3,8926284957887605,4,HighAltitudeRescue,Oxygen tank
2023,RENAULT,OffRoad,1,532103757558759,3,MotorPump,Oxygen tank
2018,MAN,Urban,2,501956378707914,4,Pgaz,Petrol Saw
2011,MERCEDES BENZ,Urban,8,531368865531288,5,Lighting,Oxygen tank
2011,VOLVO,OffRoad,18,52567050157868,5,MotorPump,hydraulic equipment
2020,RENAULT,OffRoad,20,276160034189985,4,MotorPump,hydraulic equipment
2018,MERCEDES BENZ,Urban,23,060908227311028,4,Lighting,Oxygen tank
2019,RENAULT,MediumOffRoad,9,259692064923872,5,MotorPump,Petrol Saw
2006,MAN,Urban,19,93834713150545,4,Crane,hydraulic equipment
2020,IVECO,MediumOffRoad,5,1700105324867955,4,Container,Petrol Saw
2013,SCANIA,Urban,29,424076140235808,3,TruckPump,hydraulic equipment
2021,VOLVO,OffRoad,18,717564749070217,3,Lighting,Petrol Saw
2020,VOLVO,Urban,15,556202899495688,3,ChemicalRescue,Petrol Saw
2013,VOLVO,OffRoad,2,5015467406735388,4,TechnicalRescue,Petrol Saw
2006,SCANIA,OffRoad,9,683853566340636,4,FireExtinguishingPowderTank,Petrol Saw
2013,RENAULT,MediumOffRoad,10,704146224092632,5,Quartermaster,Petrol Saw
2009,IVECO,Urban,6,038612986169074,3,HighAltitudeRescue,Oxygen tank
2020,IVECO,OffRoad,16,266019814200977,5,ChemicalRescue,hydraulic equipment
2023,RENAULT,Urban,15,819933514077624,5,WithCO2Cylinders,hydraulic equipment
2010,MERCEDES BENZ,Urban,27,17670960736106,3,WaterRescue,Oxygen tank
2017,SCANIA,OffRoad,23,94511805831163,4,Crane,hydraulic equipment
2021,VOLVO,Urban,15,832667774434423,4,Pgaz,Oxygen tank
2020,VOLVO,MediumOffRoad,22,901540982661487,4,WithLadder,Petrol Saw
2021,SCANIA,Urban,28,32185950383764,3,Crane,Petrol Saw
2023,RENAULT,Urban,10,35075022254552,5,MotorPump,Oxygen tank
2020,SCANIA,OffRoad,26,274286646525354,3,Pgaz,Oxygen tank
2008,MAN,MediumOffRoad,9,23801118500803,5,Operating,hydraulic equipment
2013,MERCEDES BENZ,MediumOffRoad,13,406596132480493,5,FireExtinguishingPowderTank,Oxygen tank
2014,IVECO,MediumOffRoad,8,973821711436312,4,TechnicalRescue,Petrol Saw
2014,SCANIA,OffRoad,18,335823063356077,4,WithLadder,Petrol Saw
2011,SCANIA,OffRoad,11,500355347296866,4,Lighting,Oxygen tank
2016,VOLVO,MediumOffRoad,13,243064066312774,3,Lighting,hydraulic equipment
2009,VOLVO,MediumOffRoad,16,64772685655838,5,HighAltitudeRescue,hydraulic equipment
2008,VOLVO,MediumOffRoad,3,4652850995237907,3,WithLadder,Oxygen tank
2008,MERCEDES BENZ,OffRoad,18,77430253677016,4,Reservoir,Oxygen tank
2017,SCANIA,OffRoad,18,779250385003817,3,TruckPump,hydraulic equipment
2017,VOLVO,OffRoad,11,75132243634937,4,WithLadder,Petrol Saw
2021,MERCEDES BENZ,Urban,17,37413618401318,3,HighAltitudeRescue,Oxygen tank
2018,IVECO,OffRoad,3,0760185345878854,3,Container,Petrol Saw
2006,RENAULT,MediumOffRoad,9,233681950642225,4,Lighting,Oxygen tank
2012,VOLVO,OffRoad,6,189229230638906,3,TechnicalRescue,Petrol Saw
2009,IVECO,OffRoad,20,81555971471543,4,TechnicalRescue,Petrol Saw
2014,IVECO,OffRoad,24,931668224502843,4,Operating,hydraulic equipment
2020,VOLVO,OffRoad,23,34541983744231,4,FireHoses,Petrol Saw
2013,IVECO,OffRoad,13,65694641607555,5,Pgaz,Oxygen tank
2011,SCANIA,MediumOffRoad,3,3511287406870194,3,Pgaz,Oxygen tank
2017,IVECO,OffRoad,14,882970486897657,5,TechnicalRescue,Petrol Saw
2021,SCANIA,OffRoad,8,455680521502853,4,WaterRescue,Oxygen tank
2020,MAN,Urban,11,848106251285724,5,Reservoir,Oxygen tank
2011,VOLVO,OffRoad,16,718008486323228,5,Container,hydraulic equipment
2012,RENAULT,Urban,3,861204097070179,5,CommandAndCommunications,hydraulic equipment
2019,IVECO,Urban,28,763110573158496,3,TruckPump,Oxygen tank
2008,VOLVO,Urban,23,402752677947632,3,WaterRescue,Petrol Saw
2013,SCANIA,OffRoad,15,345710346393314,5,TechnicalRescue,Petrol Saw
2006,VOLVO,OffRoad,27,69227622599493,3,MotorPump,hydraulic equipment
2018,VOLVO,OffRoad,11,249066650638026,4,HighAltitudeRescue,Oxygen tank
2020,SCANIA,OffRoad,23,27899734029696,3,TruckPump,Oxygen tank
2010,IVECO,OffRoad,9,696433832691278,4,WithCO2Cylinders,Oxygen tank
2022,MERCEDES BENZ,OffRoad,24,595951651192742,5,Pgaz,Oxygen tank
2017,MAN,MediumOffRoad,3,711687974947659,4,CommandAndCommunications,Petrol Saw
2015,MAN,Urban,16,554363850878463,5,FireExtinguishingPowderTank,Petrol Saw
2023,IVECO,Urban,12,680476317846834,4,ChemicalRescue,Petrol Saw
2020,MERCEDES BENZ,OffRoad,29,858239829775627,5,Lighting,Petrol Saw
2023,MERCEDES BENZ,MediumOffRoad,18,523485722029264,5,HighAltitudeRescue,Petrol Saw
2017,RENAULT,MediumOffRoad,15,394887898746457,4,FireExtinguishingPowderTank,Petrol Saw
2022,SCANIA,MediumOffRoad,2,1639521811539217,4,Pgaz,Petrol Saw
2011,MAN,OffRoad,20,90061048138671,3,HighAltitudeRescue,hydraulic equipment
2021,MERCEDES BENZ,MediumOffRoad,4,091716335031898,5,Container,Oxygen tank
2009,MAN,MediumOffRoad,8,877108004513198,5,FireHoses,Petrol Saw
2006,MERCEDES BENZ,MediumOffRoad,13,141740639682103,5,FireExtinguishingPowderTank,Petrol Saw
2013,SCANIA,OffRoad,24,089608319507164,4,Operating,hydraulic equipment
2021,RENAULT,OffRoad,18,173122829231467,5,Operating,Oxygen tank
2012,MERCEDES BENZ,OffRoad,16,249753523909938,4,Lighting,Petrol Saw
2008,SCANIA,MediumOffRoad,29,527382466434652,3,Lighting,hydraulic equipment
2014,MERCEDES BENZ,Urban,8,4182737710154,5,Pgaz,hydraulic equipment
2015,MERCEDES BENZ,MediumOffRoad,26,853166104229533,5,CommandAndCommunications,Oxygen tank
2006,MERCEDES BENZ,MediumOffRoad,9,213582477856239,4,Operating,Oxygen tank
2017,SCANIA,Urban,23,297574100763768,5,FireExtinguishingPowderTank,hydraulic equipment
2014,RENAULT,MediumOffRoad,13,545385967672553,5,MotorPump,Oxygen tank
2022,RENAULT,MediumOffRoad,25,25721415361876,3,Crane,Petrol Saw
2023,IVECO,MediumOffRoad,6,863898557975103,5,TruckPump,hydraulic equipment
2019,MERCEDES BENZ,OffRoad,13,403951800274315,4,Container,Oxygen tank
2007,MAN,OffRoad,3,50220044565288,4,FireHoses,hydraulic equipment
2015,VOLVO,Urban,20,42710717765726,5,Reservoir,hydraulic equipment
2015,IVECO,MediumOffRoad,10,067053656301423,4,ChemicalRescue,Oxygen tank
2018,IVECO,MediumOffRoad,20,762856899527456,4,TechnicalRescue,Oxygen tank
2017,IVECO,MediumOffRoad,29,39106140218974,4,Lighting,hydraulic equipment
2021,RENAULT,MediumOffRoad,20,683839868239424,4,ChemicalRescue,Oxygen tank
2022,SCANIA,Urban,15,088075615719214,3,Operating,Oxygen tank
2018,VOLVO,OffRoad,13,660912958464559,3,TruckPump,Oxygen tank
2008,MERCEDES BENZ,MediumOffRoad,29,49238233125011,3,TruckPump,Petrol Saw
2012,RENAULT,Urban,8,95144942030305,5,Lighting,hydraulic equipment
2015,MERCEDES BENZ,OffRoad,20,191443741759024,3,MotorPump,Petrol Saw
2008,VOLVO,Urban,23,24435755890492,5,Pgaz,hydraulic equipment
2010,MAN,OffRoad,12,26987655610127,3,WithLadder,Petrol Saw
2021,VOLVO,OffRoad,2,940617726149167,5,WaterRescue,Oxygen tank
2016,RENAULT,OffRoad,11,394996006864611,3,ChemicalRescue,Oxygen tank
2016,MAN,OffRoad,18,44794903296816,5,TechnicalRescue,Petrol Saw
2017,MAN,MediumOffRoad,18,569605784631747,3,WithCO2Cylinders,Oxygen tank
2014,VOLVO,MediumOffRoad,22,728126896652547,3,Lighting,Oxygen tank
2006,MAN,MediumOffRoad,6,107559001591139,5,WithHydraulicLift,Oxygen tank
2019,MAN,MediumOffRoad,3,508158772116694,5,TruckPump,Oxygen tank
2023,MERCEDES BENZ,OffRoad,7,449561986817008,3,Container,Oxygen tank
2016,VOLVO,Urban,5,647979511791406,3,Lighting,hydraulic equipment
2009,MERCEDES BENZ,Urban,7,55012908595647,4,FireHoses,Petrol Saw
2009,IVECO,Urban,1,843661774701397,3,TruckPump,Oxygen tank
2011,RENAULT,Urban,4,743402317943857,3,Lighting,Oxygen tank
2007,MERCEDES BENZ,OffRoad,22,360998171559267,3,Lighting,Oxygen tank
2011,SCANIA,MediumOffRoad,9,705636394057546,3,TechnicalRescue,Petrol Saw
2022,MAN,OffRoad,23,400491734922536,3,Lighting,hydraulic equipment
2012,MERCEDES BENZ,Urban,29,270958802196706,3,Reservoir,Petrol Saw
2009,VOLVO,OffRoad,21,87129497321724,4,Operating,Oxygen tank
2007,MAN,MediumOffRoad,25,253388510202743,4,Container,Petrol Saw
2007,MAN,MediumOffRoad,25,673816715488588,4,CommandAndCommunications,hydraulic equipment
2013,VOLVO,MediumOffRoad,7,5743139027019915,5,WithHydraulicLift,hydraulic equipment
2013,SCANIA,MediumOffRoad,6,9649671764505205,4,TechnicalRescue,Petrol Saw
2007,SCANIA,MediumOffRoad,21,966609448070795,4,Quartermaster,hydraulic equipment
2009,SCANIA,Urban,3,734610498095392,3,Quartermaster,hydraulic equipment
2010,MAN,Urban,23,66036134597617,5,TechnicalRescue,Oxygen tank
2009,SCANIA,Urban,20,834257270214202,4,WaterRescue,Oxygen tank
2016,SCANIA,OffRoad,5,3037487200862055,5,HighAltitudeRescue,Oxygen tank
2016,VOLVO,OffRoad,16,29586999764901,5,Lighting,Petrol Saw
2009,VOLVO,Urban,3,265854481479059,5,TechnicalRescue,hydraulic equipment
2012,VOLVO,Urban,26,54594578916116,5,Reservoir,hydraulic equipment
2016,VOLVO,Urban,24,824628857719137,3,Lighting,hydraulic equipment
2015,MERCEDES BENZ,MediumOffRoad,25,37037729001004,4,FireHoses,Petrol Saw
2021,VOLVO,Urban,22,218568534397352,5,Operating,Petrol Saw
2021,SCANIA,MediumOffRoad,10,918536335612409,5,CommandAndCommunications,Petrol Saw
2011,VOLVO,OffRoad,4,794009345334899,5,Crane,Oxygen tank
2018,RENAULT,OffRoad,6,042074909590658,4,FireExtinguishingPowderTank,hydraulic equipment
2013,RENAULT,MediumOffRoad,3,021356199531354,5,Quartermaster,Petrol Saw
2015,SCANIA,OffRoad,19,63628707650899,5,Reservoir,hydraulic equipment
2022,IVECO,MediumOffRoad,4,881566996411065,4,Operating,Petrol Saw
2011,MAN,Urban,1,5025188306342194,5,Lighting,hydraulic equipment
2011,VOLVO,OffRoad,20,172757832693705,5,Pgaz,hydraulic equipment
2020,RENAULT,OffRoad,7,266727938334371,3,WithHydraulicLift,hydraulic equipment
2010,RENAULT,OffRoad,10,121301644575452,3,Lighting,Petrol Saw
2018,MERCEDES BENZ,OffRoad,4,327578687119991,3,FireHoses,Oxygen tank
2006,SCANIA,OffRoad,17,7712428807755,3,TechnicalRescue,Oxygen tank
2006,MERCEDES BENZ,OffRoad,9,215264898421232,3,Pgaz,hydraulic equipment
2012,VOLVO,OffRoad,20,95377611208408,3,FireHoses,hydraulic equipment
2009,SCANIA,OffRoad,14,375877012335405,3,TechnicalRescue,hydraulic equipment
2014,IVECO,MediumOffRoad,21,461734043607223,4,HighAltitudeRescue,Petrol Saw
2010,MERCEDES BENZ,Urban,15,127210701125412,3,HighAltitudeRescue,Petrol Saw
2010,SCANIA,OffRoad,14,626068266730897,4,WaterRescue,Oxygen tank
2021,MERCEDES BENZ,MediumOffRoad,11,324400259937349,3,WithHydraulicLift,Oxygen tank
2009,MERCEDES BENZ,OffRoad,12,738492063690812,5,WithLadder,Petrol Saw
2020,MERCEDES BENZ,OffRoad,29,16429230094384,4,WithLadder,Petrol Saw
2006,VOLVO,OffRoad,17,216720046285182,3,WithCO2Cylinders,Oxygen tank
2023,IVECO,OffRoad,8,296576241440574,3,Container,hydraulic equipment
2022,MERCEDES BENZ,MediumOffRoad,17,267736388797154,5,WaterRescue,hydraulic equipment
2016,IVECO,OffRoad,28,568395968904664,4,Quartermaster,Petrol Saw
2011,VOLVO,OffRoad,15,617409043457213,5,Pgaz,hydraulic equipment
2007,VOLVO,Urban,25,941441744859564,5,Pgaz,Petrol Saw
2018,SCANIA,OffRoad,5,977811196849641,4,ChemicalRescue,Oxygen tank
2009,IVECO,MediumOffRoad,24,393972648189642,3,ChemicalRescue,hydraulic equipment
2016,SCANIA,Urban,15,055973830350942,4,WithLadder,Oxygen tank
2013,MAN,OffRoad,2,070173931356452,4,Reservoir,Oxygen tank
2023,IVECO,MediumOffRoad,8,90525841926224,4,TechnicalRescue,hydraulic equipment
2016,IVECO,OffRoad,12,324054993497493,3,Crane,Petrol Saw
2022,MERCEDES BENZ,MediumOffRoad,9,6233996289319,3,Reservoir,hydraulic equipment
2023,MAN,MediumOffRoad,8,710140818004566,4,HighAltitudeRescue,hydraulic equipment
2018,VOLVO,OffRoad,12,847307584976525,4,FireHoses,Oxygen tank
2023,MAN,MediumOffRoad,25,83127604145259,4,Quartermaster,Oxygen tank
2008,RENAULT,OffRoad,2,6948333779487754,4,FireHoses,hydraulic equipment
2015,VOLVO,MediumOffRoad,16,210747280958884,5,FireHoses,Petrol Saw
2017,VOLVO,OffRoad,9,563497515713175,5,ChemicalRescue,Petrol Saw
2014,MAN,Urban,14,916099644171096,3,FireHoses,Petrol Saw
2011,VOLVO,MediumOffRoad,26,730762839833005,3,Operating,Petrol Saw
2009,RENAULT,MediumOffRoad,20,9662199489118,5,Container,Petrol Saw
2016,MAN,MediumOffRoad,10,414941091528055,3,CommandAndCommunications,Petrol Saw
2013,MERCEDES BENZ,OffRoad,17,8324866684195,3,MotorPump,Petrol Saw
2021,RENAULT,Urban,24,077459718997286,5,WaterRescue,Petrol Saw
2015,RENAULT,MediumOffRoad,16,01898219451053,5,Reservoir,Petrol Saw
2022,MERCEDES BENZ,Urban,4,34849358885848,4,HighAltitudeRescue,Oxygen tank
2022,VOLVO,Urban,18,30089813824112,5,FireExtinguishingPowderTank,hydraulic equipment
2011,RENAULT,MediumOffRoad,21,16948790066835,4,CommandAndCommunications,Oxygen tank
2015,SCANIA,MediumOffRoad,10,62069871738112,3,TruckPump,hydraulic equipment
2006,SCANIA,OffRoad,7,499564411993421,4,WithHydraulicLift,hydraulic equipment
2009,RENAULT,OffRoad,1,5817671651826322,3,CommandAndCommunications,hydraulic equipment
2016,SCANIA,Urban,28,48103133095575,3,HighAltitudeRescue,Petrol Saw
2007,MAN,OffRoad,2,461091137005888,4,CommandAndCommunications,Petrol Saw
2020,MAN,MediumOffRoad,14,852191045468189,3,MotorPump,hydraulic equipment
2018,MERCEDES BENZ,OffRoad,22,29554841652387,4,WaterRescue,Oxygen tank
2007,IVECO,OffRoad,19,39385630504388,3,Reservoir,hydraulic equipment
2021,IVECO,OffRoad,6,311752488517177,4,Crane,Oxygen tank
2018,IVECO,OffRoad,9,090022031101043,4,Pgaz,hydraulic equipment
2013,IVECO,MediumOffRoad,27,912650839126744,3,HighAltitudeRescue,Oxygen tank
2007,MAN,OffRoad,24,687607050020173,5,HighAltitudeRescue,Oxygen tank
2021,SCANIA,Urban,18,367530216021986,5,TruckPump,Petrol Saw
2016,IVECO,MediumOffRoad,6,540950607008075,3,WaterRescue,hydraulic equipment
2017,VOLVO,MediumOffRoad,20,436102331558978,4,WaterRescue,Petrol Saw
2023,IVECO,Urban,16,31138655718266,4,TruckPump,hydraulic equipment
2023,VOLVO,OffRoad,8,875345792230398,3,ChemicalRescue,hydraulic equipment
2016,MAN,Urban,28,644962985173567,3,Container,Oxygen tank
2020,MERCEDES BENZ,Urban,27,782969642650414,3,Operating,Oxygen tank
2012,SCANIA,MediumOffRoad,24,102842295538043,4,Container,Oxygen tank
2023,IVECO,MediumOffRoad,3,382674211992679,4,Container,hydraulic equipment
2016,VOLVO,OffRoad,18,94457979542992,5,Lighting,Petrol Saw
2017,RENAULT,OffRoad,29,981447006356404,4,WithCO2Cylinders,Oxygen tank
2007,IVECO,Urban,10,190978557597612,3,HighAltitudeRescue,Petrol Saw
2020,MAN,OffRoad,23,876575071981286,3,WithHydraulicLift,hydraulic equipment
2010,VOLVO,OffRoad,22,38087962899484,3,Crane,Petrol Saw
2011,MAN,OffRoad,14,985989633324667,3,Container,Petrol Saw
2017,SCANIA,Urban,21,42287935263164,4,FireHoses,hydraulic equipment
2014,RENAULT,MediumOffRoad,20,998985819592857,5,Reservoir,hydraulic equipment
2023,MERCEDES BENZ,Urban,12,526972502031356,4,TruckPump,hydraulic equipment
2020,RENAULT,MediumOffRoad,21,96386319984178,3,Quartermaster,hydraulic equipment
2015,IVECO,Urban,19,453934614321348,5,FireExtinguishingPowderTank,hydraulic equipment
2023,VOLVO,MediumOffRoad,25,9918361730922,3,Container,hydraulic equipment
2017,IVECO,MediumOffRoad,10,903131280135982,5,WithHydraulicLift,hydraulic equipment
2020,VOLVO,MediumOffRoad,15,55413578724013,5,WithLadder,Oxygen tank
2013,MAN,OffRoad,20,936607263168273,4,Crane,hydraulic equipment
2018,MERCEDES BENZ,OffRoad,8,054390957965104,4,Operating,hydraulic equipment
2013,SCANIA,OffRoad,18,01138913838875,4,Quartermaster,Oxygen tank
2021,IVECO,Urban,28,206605904414396,5,Reservoir,Oxygen tank
2014,IVECO,Urban,26,412026103049875,4,Lighting,hydraulic equipment
2021,RENAULT,MediumOffRoad,10,089989417682352,4,Crane,Petrol Saw
2023,MERCEDES BENZ,OffRoad,5,17590446613894,5,Reservoir,hydraulic equipment
2007,MERCEDES BENZ,OffRoad,17,386828263820384,5,TechnicalRescue,Oxygen tank
2021,SCANIA,Urban,11,612362164671845,4,Container,hydraulic equipment
2016,RENAULT,OffRoad,20,513972072710306,3,TechnicalRescue,Oxygen tank
2010,RENAULT,MediumOffRoad,19,50827866865825,5,Container,hydraulic equipment
2013,SCANIA,Urban,5,060041975934247,3,WithLadder,hydraulic equipment
2013,MAN,MediumOffRoad,26,973056960341953,4,FireHoses,Petrol Saw
2011,RENAULT,Urban,28,14683381595265,3,FireExtinguishingPowderTank,Petrol Saw
2014,RENAULT,OffRoad,8,16148482331531,5,HighAltitudeRescue,Oxygen tank
2017,RENAULT,MediumOffRoad,12,140250605251133,4,WithCO2Cylinders,Petrol Saw
2023,IVECO,Urban,10,576747216307808,3,WaterRescue,Oxygen tank
2019,RENAULT,OffRoad,25,522703922379996,4,Operating,Oxygen tank
2012,MERCEDES BENZ,OffRoad,9,285320936830395,4,WithLadder,Petrol Saw
2012,VOLVO,MediumOffRoad,8,137057697807233,5,FireHoses,hydraulic equipment
2020,VOLVO,OffRoad,25,50018784666693,5,WithLadder,Oxygen tank
2018,RENAULT,MediumOffRoad,7,8648375974059075,4,Lighting,hydraulic equipment
2008,MERCEDES BENZ,Urban,13,302784773152112,5,Lighting,Petrol Saw
2020,RENAULT,OffRoad,21,574949661219957,4,FireExtinguishingPowderTank,hydraulic equipment
2007,VOLVO,Urban,3,924171690852801,4,ChemicalRescue,Oxygen tank
2018,VOLVO,Urban,8,854519928669955,4,Lighting,Oxygen tank
2008,RENAULT,MediumOffRoad,16,267895289139574,5,WithLadder,Petrol Saw
2009,MERCEDES BENZ,OffRoad,13,08801411893707,3,CommandAndCommunications,Petrol Saw
2013,SCANIA,Urban,24,1646423537515,5,Lighting,Oxygen tank
2009,SCANIA,MediumOffRoad,10,820089143741814,3,TruckPump,Oxygen tank
2015,MAN,MediumOffRoad,24,458719021834117,4,WaterRescue,Petrol Saw
2019,IVECO,MediumOffRoad,22,1329915660298,3,TruckPump,hydraulic equipment
2013,MAN,MediumOffRoad,7,925625572253738,5,ChemicalRescue,Oxygen tank
2023,RENAULT,OffRoad,19,214521834904723,5,Pgaz,hydraulic equipment
2019,IVECO,Urban,19,50860609714984,3,FireHoses,hydraulic equipment
2006,RENAULT,Urban,23,490855864847465,4,Crane,hydraulic equipment
2018,MERCEDES BENZ,MediumOffRoad,5,109722187724192,3,CommandAndCommunications,Oxygen tank
2022,SCANIA,MediumOffRoad,11,549141581299402,4,Reservoir,Oxygen tank
2011,IVECO,MediumOffRoad,28,674757169532224,4,Quartermaster,Oxygen tank
2018,MAN,OffRoad,16,032735652406977,5,Reservoir,hydraulic equipment
2010,MAN,MediumOffRoad,11,468419798441388,4,WithCO2Cylinders,hydraulic equipment
2015,MAN,MediumOffRoad,26,03807046218972,3,Lighting,Petrol Saw
2008,VOLVO,OffRoad,13,303887624938106,4,Pgaz,Oxygen tank
2009,IVECO,Urban,13,532965351673278,5,Container,hydraulic equipment
2006,VOLVO,MediumOffRoad,19,058489208263506,4,Quartermaster,hydraulic equipment
2013,MERCEDES BENZ,Urban,1,7956195694757389,4,Operating,Oxygen tank
2017,RENAULT,MediumOffRoad,24,984404349764347,5,WithHydraulicLift,Petrol Saw
2015,SCANIA,MediumOffRoad,24,186522942877072,4,Pgaz,hydraulic equipment
2011,RENAULT,Urban,25,63161479205071,5,CommandAndCommunications,Oxygen tank
2011,SCANIA,MediumOffRoad,10,426915057561047,3,Lighting,hydraulic equipment
2017,MAN,MediumOffRoad,3,1016172754609386,5,TruckPump,hydraulic equipment
2015,VOLVO,OffRoad,28,769988514112192,5,MotorPump,Petrol Saw
2007,SCANIA,MediumOffRoad,8,651284628564678,3,Lighting,hydraulic equipment
2020,SCANIA,MediumOffRoad,23,262468875115193,5,WithCO2Cylinders,Petrol Saw
2012,MAN,Urban,29,22259775905114,3,Operating,Petrol Saw
2011,VOLVO,MediumOffRoad,7,901571160936287,3,Operating,Oxygen tank
2012,IVECO,OffRoad,1,5626784087236063,4,Lighting,hydraulic equipment
2014,SCANIA,OffRoad,14,25473135639712,3,WithLadder,hydraulic equipment
2020,MAN,MediumOffRoad,19,845916641933908,4,WaterRescue,Oxygen tank
2013,SCANIA,Urban,15,31035070157935,3,MotorPump,hydraulic equipment
2019,VOLVO,Urban,10,87988668566526,4,Reservoir,Oxygen tank
2009,VOLVO,OffRoad,21,391188574872366,4,Container,Petrol Saw
2013,SCANIA,OffRoad,18,05515395301371,5,CommandAndCommunications,Oxygen tank
2020,MAN,MediumOffRoad,10,08412807850883,4,Container,hydraulic equipment
2011,MAN,Urban,23,858138590935354,5,Operating,Oxygen tank
2006,IVECO,OffRoad,25,569329208439346,3,WithCO2Cylinders,hydraulic equipment
2013,MAN,OffRoad,12,259173145331447,5,WaterRescue,Oxygen tank
2022,MERCEDES BENZ,MediumOffRoad,27,355078748433744,3,Pgaz,Oxygen tank
2019,IVECO,Urban,15,054197136125364,5,WithHydraulicLift,Petrol Saw
2010,IVECO,MediumOffRoad,23,305241568003478,4,FireHoses,hydraulic equipment
2007,MAN,Urban,17,096712047792302,4,Container,Oxygen tank
2015,VOLVO,Urban,4,022347823260744,5,Lighting,hydraulic equipment
2008,IVECO,Urban,22,285605128160498,3,WithHydraulicLift,Petrol Saw
2013,MAN,Urban,2,5125111577486687,4,CommandAndCommunications,Petrol Saw
2006,RENAULT,MediumOffRoad,23,026522446850315,3,Reservoir,Oxygen tank
2022,MERCEDES BENZ,OffRoad,27,14417777230806,3,TechnicalRescue,Petrol Saw
2016,MERCEDES BENZ,Urban,10,170334064535986,5,ChemicalRescue,Oxygen tank
2017,IVECO,MediumOffRoad,13,35435597406246,5,WithHydraulicLift,hydraulic equipment
2018,MERCEDES BENZ,Urban,11,160051834801388,4,Lighting,Petrol Saw
2012,VOLVO,Urban,29,463965388012497,5,MotorPump,hydraulic equipment
2014,IVECO,OffRoad,15,890919990216144,4,Crane,Petrol Saw
2006,MAN,MediumOffRoad,7,776441860864016,3,Quartermaster,Petrol Saw
2012,MAN,OffRoad,21,513087606153768,4,Lighting,hydraulic equipment
2010,MAN,Urban,26,028339119967058,5,FireExtinguishingPowderTank,hydraulic equipment
2010,IVECO,Urban,8,281031474979446,4,MotorPump,hydraulic equipment
2019,SCANIA,MediumOffRoad,17,67271030934046,5,WaterRescue,Oxygen tank
2021,SCANIA,MediumOffRoad,21,559772978718883,3,CommandAndCommunications,hydraulic equipment
2015,RENAULT,MediumOffRoad,26,329558527019042,4,FireExtinguishingPowderTank,hydraulic equipment
2016,MERCEDES BENZ,MediumOffRoad,8,928182267250822,5,Pgaz,Petrol Saw
2021,MAN,Urban,22,778714454596763,4,HighAltitudeRescue,hydraulic equipment
2008,RENAULT,Urban,24,91558432103587,5,MotorPump,hydraulic equipment
2019,SCANIA,OffRoad,20,63391881590706,3,CommandAndCommunications,Oxygen tank
2014,VOLVO,Urban,3,4479201436749864,4,Crane,Oxygen tank
2015,IVECO,Urban,14,589926063019945,4,WithLadder,Petrol Saw
2007,RENAULT,Urban,12,609744500537875,3,CommandAndCommunications,hydraulic equipment
2013,RENAULT,OffRoad,3,369697904287589,3,FireHoses,Oxygen tank
2020,VOLVO,MediumOffRoad,23,92842792876859,5,CommandAndCommunications,Oxygen tank
2022,MERCEDES BENZ,MediumOffRoad,17,880887621651087,4,Reservoir,Oxygen tank
2006,MAN,Urban,3,0842455022956266,4,Quartermaster,hydraulic equipment
2011,IVECO,OffRoad,23,748569433447646,3,Lighting,Oxygen tank
2012,RENAULT,Urban,13,456034388562731,4,Reservoir,hydraulic equipment
2011,MERCEDES BENZ,Urban,20,314470966384807,3,Operating,Petrol Saw
2014,VOLVO,OffRoad,24,243686589069938,4,WithCO2Cylinders,Petrol Saw
2007,IVECO,Urban,21,721017036825334,4,WithLadder,Oxygen tank
2008,IVECO,Urban,29,873892350686205,5,FireExtinguishingPowderTank,Oxygen tank
2013,VOLVO,MediumOffRoad,5,727249652456131,5,MotorPump,Oxygen tank
2008,IVECO,MediumOffRoad,21,879060641811748,4,ChemicalRescue,Petrol Saw
2006,SCANIA,OffRoad,16,79522721921824,3,Operating,Oxygen tank
2020,SCANIA,MediumOffRoad,29,248820903720407,4,Pgaz,Oxygen tank
2022,IVECO,OffRoad,21,97636272744687,3,TechnicalRescue,hydraulic equipment
2006,MAN,Urban,19,129616339004297,3,WithLadder,Oxygen tank
2008,VOLVO,MediumOffRoad,5,505841667991308,3,Crane,hydraulic equipment
2021,RENAULT,OffRoad,2,653409839736627,5,Lighting,hydraulic equipment
2016,MAN,OffRoad,13,419343489752473,5,Pgaz,Petrol Saw
2022,IVECO,OffRoad,8,13761680075105,5,MotorPump,Oxygen tank
2015,MAN,MediumOffRoad,21,877869500022687,5,Operating,Oxygen tank
2016,SCANIA,MediumOffRoad,11,456238396998298,5,WithLadder,hydraulic equipment
2010,MERCEDES BENZ,OffRoad,21,868072518652124,3,Pgaz,Oxygen tank
2020,MAN,MediumOffRoad,3,2527632066246137,5,HighAltitudeRescue,hydraulic equipment
2011,MAN,MediumOffRoad,3,0181891238986376,4,HighAltitudeRescue,Petrol Saw
2016,MERCEDES BENZ,OffRoad,25,18617444250717,5,WaterRescue,Petrol Saw
2007,RENAULT,Urban,10,318317366595702,5,ChemicalRescue,Petrol Saw
2012,SCANIA,OffRoad,11,484563574590744,5,Crane,Petrol Saw
2011,RENAULT,OffRoad,2,3943466367474784,5,Lighting,hydraulic equipment
2012,MAN,Urban,4,406647133315671,5,ChemicalRescue,hydraulic equipment
2018,MAN,OffRoad,3,8335665861394554,5,FireExtinguishingPowderTank,Petrol Saw
2006,SCANIA,OffRoad,28,797225636426372,3,Reservoir,hydraulic equipment
2007,MAN,Urban,20,744153360108015,4,Pgaz,Oxygen tank
2007,MAN,OffRoad,28,840519918471706,5,CommandAndCommunications,Oxygen tank
2012,IVECO,Urban,19,035899221839756,4,Crane,Oxygen tank
2013,SCANIA,Urban,4,779933502880546,3,WithCO2Cylinders,hydraulic equipment
2007,MERCEDES BENZ,Urban,28,30138253649603,5,WithLadder,Petrol Saw
2012,VOLVO,OffRoad,26,324329414611107,5,Pgaz,hydraulic equipment
2018,MAN,Urban,15,947641861552345,4,WithLadder,Petrol Saw
2022,RENAULT,Urban,2,7794959314128134,3,FireHoses,Oxygen tank
2018,VOLVO,Urban,10,917164428478154,5,WithLadder,Petrol Saw
2017,MAN,Urban,28,418717416618538,3,Container,Petrol Saw
2007,RENAULT,MediumOffRoad,5,073685353724606,3,ChemicalRescue,hydraulic equipment
2012,MERCEDES BENZ,OffRoad,25,132470566542057,3,TruckPump,Petrol Saw
2006,MAN,OffRoad,23,909400003724876,3,Pgaz,Petrol Saw
2022,IVECO,MediumOffRoad,8,566728897943154,5,TechnicalRescue,hydraulic equipment
2011,SCANIA,OffRoad,1,700816567870775,3,Pgaz,Oxygen tank
2008,MERCEDES BENZ,Urban,7,143180288095684,4,Container,hydraulic equipment
2007,MAN,Urban,23,731201608125804,4,WithLadder,Petrol Saw
2007,SCANIA,Urban,19,430166502429433,5,TruckPump,hydraulic equipment
2023,RENAULT,Urban,9,42096099514595,4,Operating,Petrol Saw
2020,MERCEDES BENZ,OffRoad,24,999586822434118,4,Lighting,hydraulic equipment
2006,SCANIA,Urban,11,443348792471452,3,Reservoir,Oxygen tank
2011,IVECO,OffRoad,27,27493795137343,5,Lighting,hydraulic equipment
2013,VOLVO,MediumOffRoad,8,534282010256263,4,Quartermaster,hydraulic equipment
2019,RENAULT,OffRoad,17,966970526727224,5,Reservoir,Petrol Saw
2011,IVECO,OffRoad,23,914707818436884,4,WaterRescue,hydraulic equipment
2013,MAN,MediumOffRoad,12,405847695549989,4,TechnicalRescue,hydraulic equipment
2017,MAN,Urban,23,498144822834252,5,WaterRescue,hydraulic equipment
2012,MERCEDES BENZ,MediumOffRoad,13,340213244580399,3,TruckPump,Petrol Saw
2017,VOLVO,MediumOffRoad,8,468327350133148,3,Container,Oxygen tank
2022,VOLVO,OffRoad,17,89358869179595,5,TechnicalRescue,hydraulic equipment
2009,IVECO,OffRoad,8,209306909841054,5,WithLadder,Petrol Saw
2015,MAN,MediumOffRoad,19,067715266585044,5,WaterRescue,Oxygen tank
2015,IVECO,MediumOffRoad,2,6353307319034194,4,Lighting,hydraulic equipment
2023,MERCEDES BENZ,MediumOffRoad,22,473608363521013,5,TruckPump,Oxygen tank
2017,MAN,MediumOffRoad,7,93418413791916,5,WaterRescue,hydraulic equipment
2006,MAN,Urban,3,4382119548005647,5,MotorPump,hydraulic equipment
2023,IVECO,MediumOffRoad,14,173789135831615,5,WithHydraulicLift,Oxygen tank
2021,SCANIA,OffRoad,19,551832600351567,3,Lighting,Oxygen tank
2021,MERCEDES BENZ,MediumOffRoad,25,210308016452753,3,FireHoses,Oxygen tank
2013,IVECO,OffRoad,8,079947896192802,4,Quartermaster,hydraulic equipment
2012,IVECO,MediumOffRoad,14,519198797118912,5,Lighting,Oxygen tank
2021,RENAULT,MediumOffRoad,24,586513410374494,4,FireHoses,Petrol Saw
2012,IVECO,MediumOffRoad,23,501353586359812,5,Reservoir,Oxygen tank
2012,IVECO,OffRoad,1,8938911003129906,5,Lighting,hydraulic equipment
2011,MERCEDES BENZ,OffRoad,5,16965219842932,5,WithCO2Cylinders,hydraulic equipment
2007,MAN,OffRoad,24,446918662634975,5,Lighting,Oxygen tank
2021,IVECO,Urban,25,860735711940805,3,Container,Petrol Saw
2017,MERCEDES BENZ,OffRoad,18,910888260311236,3,FireHoses,Petrol Saw
2023,IVECO,OffRoad,19,3560463836075,3,WaterRescue,Oxygen tank
2010,RENAULT,MediumOffRoad,20,170542617521363,3,FireExtinguishingPowderTank,Oxygen tank
2015,RENAULT,MediumOffRoad,22,666818032359995,5,Lighting,Oxygen tank
2015,MERCEDES BENZ,Urban,3,995756779835064,3,Crane,hydraulic equipment
2020,MAN,Urban,26,11673908932878,5,Lighting,Petrol Saw
2021,MERCEDES BENZ,MediumOffRoad,8,270731938102788,5,Lighting,hydraulic equipment
2020,RENAULT,MediumOffRoad,23,673938397661495,3,Reservoir,Oxygen tank
2011,SCANIA,MediumOffRoad,10,128070523371717,3,Lighting,Oxygen tank
2009,SCANIA,OffRoad,14,520724894462314,3,Lighting,Oxygen tank
2023,SCANIA,MediumOffRoad,6,8584670601977855,4,FireHoses,Oxygen tank
2022,SCANIA,Urban,29,653080714726002,3,FireExtinguishingPowderTank,hydraulic equipment
2006,IVECO,Urban,8,532362395522163,5,HighAltitudeRescue,hydraulic equipment
2008,IVECO,OffRoad,20,532128159615333,4,Operating,Oxygen tank
2019,IVECO,Urban,4,549375196784559,3,Container,Oxygen tank
2007,VOLVO,OffRoad,28,28272270515009,4,Lighting,Petrol Saw
2012,MERCEDES BENZ,Urban,15,618013633906292,4,MotorPump,Petrol Saw
2015,SCANIA,Urban,8,038987856276684,5,TechnicalRescue,Oxygen tank
2018,SCANIA,MediumOffRoad,14,228104436954284,4,CommandAndCommunications,Petrol Saw
2019,VOLVO,OffRoad,19,644413637248196,5,Reservoir,Petrol Saw
2006,RENAULT,MediumOffRoad,7,2314174569808625,3,WithHydraulicLift,Petrol Saw
2020,SCANIA,MediumOffRoad,2,994281571399598,4,MotorPump,Oxygen tank
2019,MERCEDES BENZ,MediumOffRoad,25,343488025281744,5,Reservoir,Oxygen tank
2011,VOLVO,OffRoad,3,8777302725632934,5,TruckPump,Petrol Saw
2007,MERCEDES BENZ,OffRoad,7,608629876305483,3,Lighting,Oxygen tank
2007,SCANIA,MediumOffRoad,8,821186348758605,4,FireExtinguishingPowderTank,hydraulic equipment
2012,VOLVO,MediumOffRoad,22,387601583580214,3,Crane,hydraulic equipment
2012,MAN,MediumOffRoad,9,82322201933018,4,FireHoses,hydraulic equipment
2015,VOLVO,OffRoad,28,73467371221454,4,Crane,Oxygen tank
2012,MAN,MediumOffRoad,8,38179164156329,4,WithCO2Cylinders,Petrol Saw
2009,SCANIA,OffRoad,5,638247224340009,3,TechnicalRescue,Petrol Saw
2011,MAN,OffRoad,15,541748966183441,4,WithHydraulicLift,Oxygen tank
2020,VOLVO,MediumOffRoad,19,099031616488706,3,WaterRescue,Oxygen tank
2017,VOLVO,MediumOffRoad,19,988719132748106,3,Lighting,Petrol Saw
2023,MERCEDES BENZ,MediumOffRoad,11,7272971508317,4,Quartermaster,hydraulic equipment
2007,IVECO,OffRoad,14,474710108132495,3,Quartermaster,Petrol Saw
2018,IVECO,Urban,6,720045239578615,5,WithLadder,Oxygen tank
2006,SCANIA,OffRoad,8,516673855426003,3,Operating,Oxygen tank
2016,IVECO,MediumOffRoad,23,983185899947593,4,CommandAndCommunications,Petrol Saw
2015,SCANIA,MediumOffRoad,10,094849506065122,5,Lighting,Oxygen tank
2011,RENAULT,Urban,22,399832339071583,3,Lighting,Oxygen tank
2018,MERCEDES BENZ,MediumOffRoad,11,214458431870318,5,Pgaz,Oxygen tank
2010,SCANIA,Urban,1,689222439055145,3,WithHydraulicLift,Petrol Saw
2023,SCANIA,OffRoad,25,198196320773235,4,Container,hydraulic equipment
2021,VOLVO,OffRoad,25,498646073230244,5,Pgaz,Petrol Saw
2015,MERCEDES BENZ,OffRoad,12,907462406526726,3,MotorPump,Oxygen tank
2012,SCANIA,Urban,2,9125131754410285,5,FireHoses,Petrol Saw
2020,IVECO,OffRoad,13,033787719011512,5,Operating,Petrol Saw
2009,RENAULT,Urban,3,3881308046603715,4,MotorPump,Petrol Saw
2019,RENAULT,MediumOffRoad,14,207275000166982,4,Lighting,hydraulic equipment
2016,IVECO,MediumOffRoad,22,343084912993017,3,MotorPump,hydraulic equipment
2017,SCANIA,Urban,13,586973616262371,3,Lighting,Petrol Saw
2007,MERCEDES BENZ,MediumOffRoad,25,679865111150548,5,ChemicalRescue,Petrol Saw
2019,MAN,OffRoad,4,073820395669238,5,CommandAndCommunications,hydraulic equipment
2012,RENAULT,MediumOffRoad,11,708900481754547,4,Pgaz,hydraulic equipment
2013,RENAULT,MediumOffRoad,25,105730564152527,3,Container,Oxygen tank
2011,RENAULT,Urban,9,123165811992248,4,WaterRescue,hydraulic equipment
2006,IVECO,Urban,18,44598988026804,4,HighAltitudeRescue,Oxygen tank
2010,MERCEDES BENZ,Urban,25,884245929038435,5,Container,Petrol Saw
2016,MAN,MediumOffRoad,21,582966937979783,4,Pgaz,Petrol Saw
2020,RENAULT,Urban,27,20963711798105,5,WithCO2Cylinders,hydraulic equipment
2017,IVECO,Urban,19,25846930563023,4,ChemicalRescue,hydraulic equipment
2008,IVECO,MediumOffRoad,29,23851229524659,4,Reservoir,Petrol Saw
2011,MERCEDES BENZ,OffRoad,3,856092774389737,3,MotorPump,hydraulic equipment
2009,IVECO,MediumOffRoad,17,093220456539967,5,WithHydraulicLift,Petrol Saw
2022,VOLVO,MediumOffRoad,20,869675583196162,4,Pgaz,Petrol Saw
2008,VOLVO,MediumOffRoad,21,541302117272647,4,WithLadder,Oxygen tank
2007,SCANIA,OffRoad,11,48948400462971,3,WithCO2Cylinders,Petrol Saw
2015,IVECO,MediumOffRoad,15,147175889720845,4,FireExtinguishingPowderTank,hydraulic equipment
2016,SCANIA,Urban,16,845520178888098,3,Reservoir,Oxygen tank
2006,MAN,OffRoad,15,765219390558443,4,MotorPump,Oxygen tank
2022,IVECO,Urban,29,75686741557519,5,MotorPump,Oxygen tank
2022,SCANIA,OffRoad,24,97315667034305,4,MotorPump,hydraulic equipment
2016,VOLVO,OffRoad,10,092773015746303,4,Quartermaster,Oxygen tank
2023,MAN,MediumOffRoad,22,887911554897478,3,HighAltitudeRescue,hydraulic equipment
2006,VOLVO,MediumOffRoad,1,7807940824601092,4,WithHydraulicLift,hydraulic equipment
2019,VOLVO,Urban,23,72856382548686,4,TruckPump,Oxygen tank
2016,MAN,OffRoad,2,123012668371124,4,ChemicalRescue,hydraulic equipment
2022,MERCEDES BENZ,OffRoad,10,14038913603236,5,Lighting,Oxygen tank
2006,MERCEDES BENZ,Urban,3,489538959175087,5,Quartermaster,Petrol Saw
2022,MAN,OffRoad,21,400899467455364,5,HighAltitudeRescue,Petrol Saw
2009,IVECO,OffRoad,20,946502225170075,3,Quartermaster,hydraulic equipment
2022,RENAULT,MediumOffRoad,15,683833924096017,5,Container,Petrol Saw
2019,IVECO,OffRoad,29,475522528096395,4,Lighting,Oxygen tank
2019,VOLVO,OffRoad,23,846217985917146,5,Lighting,hydraulic equipment
2014,VOLVO,OffRoad,29,747729724600948,3,Reservoir,hydraulic equipment
2015,RENAULT,MediumOffRoad,18,703787624887884,3,WithLadder,Petrol Saw
2020,SCANIA,Urban,28,359276434811047,5,TechnicalRescue,hydraulic equipment
2013,MERCEDES BENZ,OffRoad,23,258556897610262,4,FireHoses,Petrol Saw
2010,MERCEDES BENZ,MediumOffRoad,20,493373343920997,3,Crane,Petrol Saw
2020,SCANIA,OffRoad,19,911091098533646,4,Crane,Petrol Saw
2010,MAN,OffRoad,13,382644148979109,5,TruckPump,hydraulic equipment
2018,MERCEDES BENZ,OffRoad,20,846674773931298,3,WithLadder,hydraulic equipment
2010,MAN,OffRoad,14,311844919881318,5,Lighting,hydraulic equipment
2017,IVECO,Urban,3,4208233813830367,5,Lighting,Oxygen tank
2019,VOLVO,Urban,14,87598146884613,5,FireHoses,hydraulic equipment
2008,MERCEDES BENZ,OffRoad,8,488442299071647,4,WaterRescue,Petrol Saw
2022,RENAULT,MediumOffRoad,14,261863351553052,4,Container,Oxygen tank
2017,VOLVO,MediumOffRoad,17,510856223653388,5,HighAltitudeRescue,hydraulic equipment
2015,MAN,Urban,21,982544035507814,3,MotorPump,hydraulic equipment
2018,SCANIA,Urban,19,82337942467728,4,FireExtinguishingPowderTank,hydraulic equipment
2014,MAN,OffRoad,21,689399606730092,4,TechnicalRescue,Oxygen tank
2007,MAN,MediumOffRoad,5,695611690347712,3,Operating,Oxygen tank
2015,SCANIA,MediumOffRoad,15,454008356616423,5,WithHydraulicLift,hydraulic equipment
2009,MAN,OffRoad,27,506136984948686,3,FireExtinguishingPowderTank,Oxygen tank
2009,MAN,Urban,1,7331126563441752,4,WithHydraulicLift,Oxygen tank
2019,RENAULT,Urban,29,50806194848061,4,TechnicalRescue,hydraulic equipment
2016,RENAULT,Urban,24,63363701031556,3,FireHoses,hydraulic equipment
2008,SCANIA,Urban,23,082362991416957,4,Lighting,Petrol Saw
2017,MAN,OffRoad,11,92273738433829,4,ChemicalRescue,hydraulic equipment
2008,RENAULT,Urban,27,58252164884197,5,Quartermaster,hydraulic equipment
2008,MERCEDES BENZ,MediumOffRoad,9,063905733272094,5,FireExtinguishingPowderTank,Petrol Saw
2018,IVECO,OffRoad,17,147767090656416,4,Lighting,Petrol Saw
2015,IVECO,OffRoad,26,908060150333664,5,TruckPump,Petrol Saw
2018,RENAULT,OffRoad,24,080738083798202,4,Crane,Petrol Saw
2017,MAN,Urban,9,745883675658504,4,MotorPump,hydraulic equipment
2009,RENAULT,MediumOffRoad,26,30270419231043,5,Quartermaster,hydraulic equipment
2013,SCANIA,MediumOffRoad,18,730637206424433,5,FireHoses,Petrol Saw
2016,RENAULT,OffRoad,29,540514661589757,4,CommandAndCommunications,Oxygen tank
2011,SCANIA,OffRoad,2,770076999730473,5,Container,Oxygen tank
2006,MERCEDES BENZ,Urban,11,859068195824497,3,WithLadder,Oxygen tank
2022,VOLVO,MediumOffRoad,21,066844745299328,4,WithCO2Cylinders,hydraulic equipment
2011,SCANIA,MediumOffRoad,25,925999113803098,5,Lighting,Oxygen tank
2019,MERCEDES BENZ,OffRoad,5,214621749472171,4,Lighting,Oxygen tank
2007,MERCEDES BENZ,Urban,12,177078268338382,5,Reservoir,hydraulic equipment
2011,MERCEDES BENZ,MediumOffRoad,5,259611339452319,5,MotorPump,Oxygen tank
2015,VOLVO,Urban,24,111795497717942,3,WaterRescue,hydraulic equipment
2019,RENAULT,Urban,7,25340789107914,5,Crane,Oxygen tank
2012,VOLVO,Urban,26,68155354433479,5,WaterRescue,Petrol Saw
2014,MERCEDES BENZ,OffRoad,17,827362287440554,5,FireHoses,hydraulic equipment
2016,MERCEDES BENZ,Urban,2,5529192528601232,5,WithHydraulicLift,Oxygen tank
2020,RENAULT,MediumOffRoad,5,345635792884106,4,CommandAndCommunications,Oxygen tank
2011,MAN,Urban,3,5182631616951903,3,Pgaz,Petrol Saw
2006,VOLVO,MediumOffRoad,1,9121677374436385,4,Operating,hydraulic equipment
2018,MERCEDES BENZ,Urban,16,463352122540293,3,TruckPump,hydraulic equipment
2016,RENAULT,MediumOffRoad,7,7027650278289705,4,ChemicalRescue,Petrol Saw
2006,MERCEDES BENZ,MediumOffRoad,3,4671733615157145,4,CommandAndCommunications,hydraulic equipment
2023,VOLVO,Urban,26,96679578459273,3,TruckPump,Petrol Saw
2020,RENAULT,OffRoad,3,0669839472343337,3,ChemicalRescue,hydraulic equipment
2008,IVECO,OffRoad,23,04287252242416,5,Crane,hydraulic equipment
2016,SCANIA,Urban,29,234474129770327,3,WithHydraulicLift,Oxygen tank
2016,SCANIA,OffRoad,24,193121338764733,3,Quartermaster,Petrol Saw
2016,MERCEDES BENZ,MediumOffRoad,21,482645983882215,4,FireHoses,hydraulic equipment
2017,RENAULT,MediumOffRoad,28,670619751113602,4,Container,Oxygen tank
2023,VOLVO,OffRoad,13,415185928708192,3,Operating,Petrol Saw
2010,RENAULT,OffRoad,7,547533111298112,5,ChemicalRescue,Oxygen tank
2023,RENAULT,Urban,9,4555559262337,5,WithLadder,Petrol Saw
2007,RENAULT,OffRoad,13,972118839354705,3,ChemicalRescue,Petrol Saw
2014,VOLVO,OffRoad,16,360033883771877,5,TechnicalRescue,hydraulic equipment
2018,RENAULT,MediumOffRoad,18,353726607648067,3,HighAltitudeRescue,Petrol Saw
2018,SCANIA,Urban,20,55605831310544,3,TechnicalRescue,Petrol Saw
2007,MAN,OffRoad,22,245962187593783,5,FireExtinguishingPowderTank,hydraulic equipment
2008,RENAULT,Urban,14,82811974383268,5,WithCO2Cylinders,hydraulic equipment
2017,RENAULT,MediumOffRoad,12,301947301268164,4,WithLadder,hydraulic equipment
2007,RENAULT,Urban,22,04532088014234,5,HighAltitudeRescue,Petrol Saw
2009,VOLVO,OffRoad,5,967487787474656,5,Lighting,Petrol Saw
2021,MAN,OffRoad,6,802749445764058,3,MotorPump,hydraulic equipment
2020,RENAULT,OffRoad,16,451406163944146,4,WithHydraulicLift,Petrol Saw
2022,VOLVO,Urban,14,38771027833947,3,MotorPump,Petrol Saw
2019,RENAULT,MediumOffRoad,6,685878492399447,4,FireExtinguishingPowderTank,Oxygen tank
2012,MAN,OffRoad,2,31791306427482,3,WaterRescue,hydraulic equipment
2019,IVECO,OffRoad,9,968628005683236,4,Container,hydraulic equipment
2015,IVECO,Urban,15,945140118338147,3,Crane,hydraulic equipment
2006,MAN,Urban,16,381271586860493,3,TechnicalRescue,hydraulic equipment
2007,MAN,Urban,25,675376949198625,5,Operating,hydraulic equipment
2011,MAN,MediumOffRoad,20,40352050272772,4,WaterRescue,Oxygen tank
2013,VOLVO,MediumOffRoad,16,96769408369898,3,Operating,hydraulic equipment
2020,RENAULT,Urban,23,6437612700763,4,Quartermaster,Petrol Saw
2011,VOLVO,OffRoad,25,31016535279935,3,FireExtinguishingPowderTank,hydraulic equipment
2008,IVECO,Urban,4,964252433874929,5,ChemicalRescue,Petrol Saw
2017,IVECO,MediumOffRoad,9,018340161368679,5,Container,Oxygen tank
2014,MERCEDES BENZ,OffRoad,24,915784742709256,4,WithLadder,Oxygen tank
2015,IVECO,Urban,27,8475713234326,4,Lighting,Petrol Saw
2013,MAN,OffRoad,17,139945240774786,3,FireHoses,Petrol Saw
2020,MERCEDES BENZ,OffRoad,9,583137618336524,4,WithCO2Cylinders,Petrol Saw
2022,MERCEDES BENZ,MediumOffRoad,3,5522359679721376,3,CommandAndCommunications,hydraulic equipment
2007,RENAULT,OffRoad,14,075720009977996,4,Quartermaster,Petrol Saw
2011,MERCEDES BENZ,Urban,9,96753183257173,3,Pgaz,Oxygen tank
2020,RENAULT,Urban,19,923499756368795,5,Container,Petrol Saw
2016,IVECO,MediumOffRoad,8,048504296580901,4,FireExtinguishingPowderTank,Oxygen tank
2011,SCANIA,MediumOffRoad,20,499685116267546,4,Lighting,Oxygen tank
2010,MERCEDES BENZ,OffRoad,15,866257694892996,4,FireHoses,Petrol Saw
2012,SCANIA,OffRoad,13,310983355315074,5,MotorPump,hydraulic equipment
2006,SCANIA,OffRoad,21,6082014744127,3,TruckPump,Petrol Saw
2017,IVECO,MediumOffRoad,24,224846931491637,3,Lighting,Petrol Saw
2012,SCANIA,MediumOffRoad,8,224357233418534,5,WithLadder,Oxygen tank
2018,MAN,Urban,18,61522393463332,4,TechnicalRescue,hydraulic equipment
2007,VOLVO,MediumOffRoad,6,7652986846549075,3,MotorPump,hydraulic equipment
2015,SCANIA,Urban,17,72842119906242,3,WaterRescue,Petrol Saw
2011,IVECO,OffRoad,15,459706442314626,4,TruckPump,Oxygen tank
2018,SCANIA,Urban,25,487994374926952,5,Reservoir,Petrol Saw
2016,VOLVO,Urban,18,09317232021127,3,FireExtinguishingPowderTank,hydraulic equipment
2019,IVECO,OffRoad,11,431508237822381,3,WithLadder,Petrol Saw
2019,RENAULT,MediumOffRoad,7,034577824641057,5,Reservoir,hydraulic equipment
2014,MERCEDES BENZ,OffRoad,23,579263006192168,4,Quartermaster,hydraulic equipment
2007,MERCEDES BENZ,OffRoad,23,251540247928638,5,MotorPump,Oxygen tank
2021,IVECO,OffRoad,3,576131325481916,4,ChemicalRescue,Oxygen tank
2015,MERCEDES BENZ,MediumOffRoad,28,44824190458589,3,WithCO2Cylinders,Petrol Saw
2006,VOLVO,Urban,21,135951686914535,4,FireHoses,hydraulic equipment
2011,MERCEDES BENZ,MediumOffRoad,10,186880007067545,4,TechnicalRescue,Petrol Saw
2019,RENAULT,Urban,16,78268797546138,3,HighAltitudeRescue,hydraulic equipment
2018,MERCEDES BENZ,OffRoad,11,834033136231172,4,Lighting,hydraulic equipment
2012,IVECO,Urban,19,636051665251273,4,MotorPump,Petrol Saw
2019,SCANIA,MediumOffRoad,29,543404434571034,3,FireExtinguishingPowderTank,Oxygen tank
2022,MAN,MediumOffRoad,22,67351880970068,5,FireHoses,Oxygen tank
2008,SCANIA,MediumOffRoad,3,898503777426985,3,Lighting,Oxygen tank
2017,IVECO,MediumOffRoad,9,852522183818463,5,FireHoses,Oxygen tank
2019,IVECO,Urban,21,85625435101998,5,FireHoses,Petrol Saw
2021,MAN,Urban,19,44907925693271,3,ChemicalRescue,Petrol Saw
2012,IVECO,MediumOffRoad,9,612620307925733,3,WithLadder,hydraulic equipment
2014,RENAULT,OffRoad,25,747778265105506,5,Lighting,Petrol Saw
2019,SCANIA,MediumOffRoad,9,069714215683558,3,FireHoses,Oxygen tank
2014,SCANIA,MediumOffRoad,5,847487802939149,5,Container,Petrol Saw
2023,SCANIA,OffRoad,14,694646039496478,5,TruckPump,Petrol Saw
2014,IVECO,OffRoad,27,71863211035315,5,Operating,hydraulic equipment
2016,SCANIA,OffRoad,23,264587865480063,5,ChemicalRescue,Oxygen tank
2010,VOLVO,Urban,13,696959558911445,5,TruckPump,Oxygen tank
2019,VOLVO,Urban,3,4272983381194457,3,WaterRescue,hydraulic equipment
2010,MAN,OffRoad,10,825312628716585,3,TechnicalRescue,Petrol Saw
2012,MERCEDES BENZ,Urban,28,495269042828927,3,TechnicalRescue,Oxygen tank
2021,MAN,Urban,6,101326322663723,3,WithHydraulicLift,Oxygen tank
2007,VOLVO,MediumOffRoad,10,269455122535806,3,Lighting,Oxygen tank
2010,IVECO,Urban,17,700105525928414,4,Pgaz,Petrol Saw
2023,MERCEDES BENZ,Urban,16,711059891003764,5,TechnicalRescue,Oxygen tank
2010,RENAULT,Urban,15,451591003280537,4,ChemicalRescue,Oxygen tank
2007,RENAULT,OffRoad,26,604671367004883,5,Lighting,hydraulic equipment
2011,RENAULT,OffRoad,18,71488499769024,5,WithLadder,hydraulic equipment
2007,RENAULT,OffRoad,16,18646329665828,3,Lighting,Oxygen tank
2012,RENAULT,MediumOffRoad,5,242348869863157,4,WaterRescue,hydraulic equipment
2022,VOLVO,Urban,1,829590087925255,3,Lighting,hydraulic equipment
2010,MAN,Urban,6,7314453391092846,5,WithHydraulicLift,Oxygen tank
2012,MAN,Urban,9,109058706637121,4,Lighting,hydraulic equipment
2013,IVECO,OffRoad,23,66367926956124,3,MotorPump,Petrol Saw
2008,MAN,Urban,25,703576405485485,4,FireExtinguishingPowderTank,Oxygen tank
2007,VOLVO,OffRoad,16,745505523253954,5,MotorPump,hydraulic equipment
2020,VOLVO,OffRoad,28,697633710239685,5,Quartermaster,Oxygen tank
2021,VOLVO,MediumOffRoad,18,470552697409385,5,Container,Petrol Saw
2009,RENAULT,Urban,19,00949845132322,5,Quartermaster,hydraulic equipment
2013,VOLVO,MediumOffRoad,10,779412024625554,4,FireHoses,Petrol Saw
2023,VOLVO,OffRoad,21,678624153046165,4,WaterRescue,Oxygen tank
2021,RENAULT,MediumOffRoad,23,764877864212846,4,Crane,Petrol Saw
2006,RENAULT,OffRoad,4,745380613635593,4,Crane,hydraulic equipment
2020,SCANIA,OffRoad,3,008928403832118,3,Reservoir,hydraulic equipment
2020,VOLVO,OffRoad,15,819453981760681,4,Quartermaster,hydraulic equipment
2023,MERCEDES BENZ,MediumOffRoad,22,768160022100552,4,Operating,Oxygen tank
2010,VOLVO,MediumOffRoad,5,708240994803147,4,Reservoir,hydraulic equipment
2010,MERCEDES BENZ,MediumOffRoad,10,572792036029252,4,TruckPump,Petrol Saw
2020,VOLVO,Urban,29,638372948234164,3,Quartermaster,hydraulic equipment
2008,RENAULT,OffRoad,10,799828126892065,4,Crane,hydraulic equipment
2017,MERCEDES BENZ,MediumOffRoad,28,054505902152187,5,MotorPump,Oxygen tank
2015,VOLVO,MediumOffRoad,1,8682616641513983,5,TruckPump,hydraulic equipment
2013,MERCEDES BENZ,MediumOffRoad,22,334994649683573,4,Operating,Oxygen tank
2020,IVECO,OffRoad,2,3657710055516543,4,WithLadder,Petrol Saw
2022,MERCEDES BENZ,Urban,7,031526640227019,4,Reservoir,Petrol Saw
2023,RENAULT,OffRoad,12,118620568929671,4,Operating,hydraulic equipment
2014,MAN,MediumOffRoad,27,906113448023056,3,Reservoir,hydraulic equipment
2009,IVECO,Urban,17,47940443813512,5,MotorPump,Petrol Saw
2016,SCANIA,Urban,28,315763951095036,5,Pgaz,hydraulic equipment
2012,VOLVO,MediumOffRoad,19,53748283245404,4,Reservoir,hydraulic equipment
2019,VOLVO,MediumOffRoad,14,906832070183807,3,TechnicalRescue,Oxygen tank
2021,MERCEDES BENZ,Urban,26,599255955595904,5,MotorPump,hydraulic equipment
2013,IVECO,OffRoad,8,437188677482919,4,Lighting,Petrol Saw
2008,VOLVO,MediumOffRoad,19,11767360863762,3,ChemicalRescue,Petrol Saw
2015,MERCEDES BENZ,MediumOffRoad,19,997385457689074,3,Pgaz,hydraulic equipment
2017,RENAULT,Urban,24,639571266719127,5,Lighting,Oxygen tank
2020,MERCEDES BENZ,OffRoad,29,484811776733025,5,FireHoses,hydraulic equipment
2008,MERCEDES BENZ,MediumOffRoad,25,254565928067965,5,WithLadder,hydraulic equipment
2023,SCANIA,MediumOffRoad,25,99820547244552,4,Pgaz,hydraulic equipment
2017,MERCEDES BENZ,Urban,15,58444415510313,5,TechnicalRescue,hydraulic equipment
2016,IVECO,OffRoad,14,182485558520668,4,WithLadder,Petrol Saw
2020,VOLVO,MediumOffRoad,19,94182313632358,4,WithHydraulicLift,Oxygen tank
2023,MAN,Urban,25,03854684983214,4,TruckPump,Oxygen tank
2016,SCANIA,MediumOffRoad,16,248997120637146,4,HighAltitudeRescue,hydraulic equipment
2019,VOLVO,MediumOffRoad,24,233793504484066,4,FireExtinguishingPowderTank,hydraulic equipment
2007,VOLVO,MediumOffRoad,20,598296676429534,4,WithLadder,hydraulic equipment
2018,MAN,MediumOffRoad,25,523551143700075,4,WithHydraulicLift,Oxygen tank
2013,IVECO,Urban,4,095875853378896,5,Crane,hydraulic equipment
2022,IVECO,MediumOffRoad,7,266059400224043,5,FireExtinguishingPowderTank,Petrol Saw
2011,MAN,MediumOffRoad,29,21587907602067,4,WithHydraulicLift,Oxygen tank
2022,MERCEDES BENZ,MediumOffRoad,13,579772380751882,5,Container,hydraulic equipment
2008,MAN,Urban,6,942296465474739,4,Pgaz,Oxygen tank
2022,SCANIA,MediumOffRoad,11,840118347255876,3,Crane,Oxygen tank
2012,MAN,MediumOffRoad,28,315997234694994,5,ChemicalRescue,hydraulic equipment
2014,MAN,OffRoad,7,89470386259534,4,Quartermaster,hydraulic equipment
2015,MAN,MediumOffRoad,8,087767216892212,4,FireHoses,Petrol Saw
2010,RENAULT,OffRoad,3,6399319483371357,5,Lighting,Oxygen tank
2021,MERCEDES BENZ,MediumOffRoad,10,872453379191573,4,Crane,Petrol Saw
2011,SCANIA,Urban,18,32557502074129,5,WithHydraulicLift,Petrol Saw
2011,SCANIA,Urban,9,640512229446987,3,WithLadder,hydraulic equipment
2016,VOLVO,Urban,28,136011875286975,5,FireHoses,hydraulic equipment
2017,SCANIA,OffRoad,5,124606846470341,3,FireHoses,hydraulic equipment
2020,RENAULT,Urban,12,794460465806115,4,Operating,Petrol Saw
2006,IVECO,OffRoad,20,605420782181138,3,Reservoir,hydraulic equipment
2022,SCANIA,MediumOffRoad,2,9152255978680195,4,Container,Petrol Saw
2007,IVECO,Urban,6,579870822078057,4,Reservoir,Petrol Saw
2022,SCANIA,Urban,20,165878966655423,5,MotorPump,hydraulic equipment
2017,RENAULT,Urban,3,9398665570794478,3,HighAltitudeRescue,hydraulic equipment
2006,RENAULT,Urban,20,45559348984419,4,WithLadder,Petrol Saw
2021,MERCEDES BENZ,OffRoad,6,924358396666823,4,TruckPump,Petrol Saw
2006,MAN,Urban,26,213082450847903,4,Crane,Oxygen tank
2015,IVECO,Urban,28,120314660634136,5,WithLadder,Petrol Saw
2013,MERCEDES BENZ,Urban,8,347223926419195,5,WaterRescue,Petrol Saw
2019,MERCEDES BENZ,MediumOffRoad,6,961572273929416,5,Crane,Oxygen tank
2020,MERCEDES BENZ,Urban,9,312727974335086,5,MotorPump,Oxygen tank
2012,VOLVO,OffRoad,5,281504897111606,3,WithCO2Cylinders,Oxygen tank
2007,IVECO,OffRoad,14,97022631106217,4,Quartermaster,Oxygen tank
2020,IVECO,OffRoad,1,6407668639249369,3,FireExtinguishingPowderTank,Oxygen tank
2021,IVECO,Urban,25,1134656881949,4,Container,Petrol Saw
2008,VOLVO,Urban,19,844314067823884,5,WaterRescue,hydraulic equipment
2007,IVECO,OffRoad,9,653079157069685,4,TruckPump,hydraulic equipment
2011,RENAULT,MediumOffRoad,19,21708111351308,4,TechnicalRescue,Oxygen tank
2010,IVECO,Urban,4,195916970691966,5,WithCO2Cylinders,Petrol Saw
2015,VOLVO,OffRoad,22,190273007358694,4,Pgaz,Petrol Saw
2018,VOLVO,Urban,9,384189510291003,5,FireHoses,Oxygen tank
2022,VOLVO,OffRoad,26,534301299199118,3,ChemicalRescue,hydraulic equipment
2022,RENAULT,Urban,10,162297927377724,5,WaterRescue,Petrol Saw
2010,MAN,Urban,11,582934124236715,3,WithLadder,Oxygen tank
2023,VOLVO,OffRoad,18,204175855708783,4,Quartermaster,Oxygen tank
2018,VOLVO,MediumOffRoad,10,104884532907663,3,ChemicalRescue,hydraulic equipment
2021,RENAULT,OffRoad,15,850726699263557,5,MotorPump,Petrol Saw
2015,MERCEDES BENZ,OffRoad,2,2997487872313656,3,FireHoses,Oxygen tank
2022,MERCEDES BENZ,OffRoad,10,270643277502801,4,Crane,Oxygen tank
2018,IVECO,Urban,19,66048017155878,5,TechnicalRescue,Oxygen tank
2017,IVECO,MediumOffRoad,9,440830192823043,4,TruckPump,hydraulic equipment
2023,MERCEDES BENZ,MediumOffRoad,29,229286366203088,4,WaterRescue,hydraulic equipment
2011,RENAULT,MediumOffRoad,26,178161074224274,4,MotorPump,Oxygen tank
2015,RENAULT,MediumOffRoad,29,47973966034155,3,Container,hydraulic equipment
2011,MAN,MediumOffRoad,21,87359205084913,5,WaterRescue,hydraulic equipment
2021,VOLVO,MediumOffRoad,10,006190268073013,5,TechnicalRescue,Oxygen tank
2006,MAN,OffRoad,15,506221533716921,5,MotorPump,hydraulic equipment
2014,MERCEDES BENZ,Urban,12,401278744939791,5,MotorPump,Petrol Saw
2010,VOLVO,MediumOffRoad,17,845210459655,3,Operating,Oxygen tank
2012,MAN,OffRoad,6,250724150318861,4,Reservoir,Oxygen tank
2013,RENAULT,Urban,5,211200541097127,5,Reservoir,Oxygen tank
2011,MERCEDES BENZ,MediumOffRoad,24,5116498069331,5,WithCO2Cylinders,hydraulic equipment
2019,IVECO,MediumOffRoad,16,36042131092559,4,MotorPump,Petrol Saw
